Type,Apology
emotional,"""I'm truly sorry for letting you down. I hope you can forgive me."""
emotional,"""My actions were thoughtless and I regret them deeply. I hope you find it in your heart to forgive me."""
emotional,"""I never intended to cause you pain. I'm so sorry for my mistake."""
emotional,"""My heart aches knowing I caused you sadness. Please forgive me."""
emotional,"""I feel awful for what I did. I hope you can find it in your heart to forgive me."""
emotional,"""I wish I could undo my actions. I'm truly sorry for hurting you."""
emotional,"""Please forgive me for my insensitivity. I never wanted to make you feel this way."""
emotional,"""I'm sorry for breaking your trust. I promise to do better."""
emotional,"""Knowing I hurt you is unbearable. Please accept my apology."""
emotional,"""I regret my words and actions. I hope you can forgive me."""
emotional,"""I'm sorry for not being there when you needed me most."""
emotional,"""Your forgiveness would mean the world to me. I'm truly sorry."""
emotional,"""I can't stop thinking about my mistake. Please forgive me."""
emotional,"""I'm sorry for letting my emotions get the best of me."""
emotional,"""I wish I could fix everything. I'm so sorry."""
emotional,"""I'm sorry for making you feel unimportant. You matter to me."""
emotional,"""I'm sorry for not listening to you. Your feelings are important."""
emotional,"""I feel terrible for what I did. Please forgive me."""
emotional,"""I'm sorry for not appreciating you enough."""
emotional,"""I regret taking you for granted. I'm truly sorry."""
emotional,"""I'm sorry for being selfish. I care about you deeply."""
emotional,"""I'm sorry for my harsh words. I didn't mean them."""
emotional,"""I'm sorry for my thoughtless behavior."""
emotional,"""I'm sorry for not being a better friend."""
emotional,"""I apologize for my insensitivity."""
emotional,"""I'm sorry for making you feel alone."""
emotional,"""I'm sorry for not supporting you when you needed it."""
emotional,"""I'm sorry for my lack of understanding."""
emotional,"""I'm sorry for not being honest with you."""
emotional,"""I'm sorry for not keeping my promise."""
emotional,"""I'm sorry for making you feel neglected."""
emotional,"""I'm sorry for not respecting your feelings."""
emotional,"""I'm sorry for not being patient with you."""
emotional,"""I'm sorry for my mistakes."""
emotional,"""I'm sorry for not being the person you deserved."""
emotional,"""I'm sorry for not valuing you enough."""
emotional,"""I'm sorry for not being there for you."""
emotional,"""I'm sorry for not showing you enough love."""
emotional,"""I'm sorry for not being more considerate."""
emotional,"""I'm sorry for not communicating better."""
emotional,"""I'm sorry for not being more understanding."""
emotional,"""I'm sorry for not making you feel special."""
emotional,"""I'm sorry for not being more attentive."""
emotional,"""I'm sorry for not being more supportive."""
emotional,"""I'm sorry for not being more caring."""
emotional,"""I'm sorry for not being more thoughtful."""
emotional,"""I'm sorry for not being more loving."""
emotional,"""I'm sorry for not being more affectionate."""
emotional,"""I'm sorry for not being more appreciative."""
emotional,"""I'm sorry for not being more forgiving."""
emotional,"""I'm sorry for not being more trusting."""
emotional,"""I'm sorry for not being more reliable."""
emotional,"""I'm sorry for not being more responsible."""
emotional,"""I'm sorry for not being more respectful."""
emotional,"""I'm sorry for not being more honest."""
emotional,"""I'm sorry for not being more open."""
emotional,"""I'm sorry for not being more understanding of your needs."""
emotional,"""I'm sorry for not being more attentive to your feelings."""
emotional,"""I'm sorry for not being more considerate of your feelings."""
emotional,"""I'm sorry for not being more supportive of your dreams."""
emotional,"""I'm sorry for not being more encouraging."""
emotional,"""I'm sorry for not being more positive."""
emotional,"""I'm sorry for not being more optimistic."""
emotional,"""I'm sorry for not being more hopeful."""
emotional,"""I'm sorry for not being more grateful."""
emotional,"""I'm sorry for not being more appreciative of you."""
emotional,"""I'm sorry for not being more thankful."""
emotional,"""I'm sorry for not being more loving towards you."""
emotional,"""I'm sorry for not being more caring towards you."""
emotional,"""I'm sorry for not being more understanding towards you."""
emotional,"""I'm sorry for not being more supportive towards you."""
emotional,"""I'm sorry for not being more encouraging towards you."""
emotional,"""I'm sorry for not being more positive towards you."""
emotional,"""I'm sorry for not being more optimistic towards you."""
emotional,"""I'm sorry for not being more hopeful towards you."""
emotional,"""I'm sorry for not being more grateful towards you."""
emotional,"""I'm sorry for not being more appreciative of your efforts."""
emotional,"""I'm sorry for not being more thankful for your help."""
emotional,"""I'm sorry for not being more loving in our relationship."""
emotional,"""I'm sorry for not being more caring in our relationship."""
emotional,"""I'm sorry for not being more understanding in our relationship."""
emotional,"""I'm sorry for not being more supportive in our relationship."""
emotional,"""I'm sorry for not being more encouraging in our relationship."""
emotional,"""I'm sorry for not being more positive in our relationship."""
emotional,"""I'm sorry for not being more optimistic in our relationship."""
emotional,"""I'm sorry for not being more hopeful in our relationship."""
emotional,"""I'm sorry for not being more grateful in our relationship."""
emotional,"""I'm sorry for not being more appreciative in our relationship."""
emotional,"""I'm sorry for not being more thankful in our relationship."""
emotional,"""I'm sorry for not being more loving as a friend."""
emotional,"""I'm sorry for not being more caring as a friend."""
emotional,"""I'm sorry for not being more understanding as a friend."""
emotional,"""I'm sorry for not being more supportive as a friend."""
emotional,"""I'm sorry for not being more encouraging as a friend."""
emotional,"""I'm sorry for not being more positive as a friend."""
emotional,"""I'm sorry for not being more optimistic as a friend."""
emotional,"""I'm sorry for not being more hopeful as a friend."""
emotional,"""I'm sorry for not being more grateful as a friend."""
emotional,"""I'm sorry for not being more appreciative as a friend."""
emotional,"""I'm sorry for not being more thankful as a friend."""
emotional,"""I'm sorry for not being more loving as a partner."""
emotional,"""I'm sorry for not being more caring as a partner."""
emotional,"""I'm sorry for not being more understanding as a partner."""
emotional,"""I'm sorry for not being more supportive as a partner."""
emotional,"""I'm sorry for not being more encouraging as a partner."""
emotional,"""I'm sorry for not being more positive as a partner."""
emotional,"""I'm sorry for not being more optimistic as a partner."""
emotional,"""I'm sorry for not being more hopeful as a partner."""
emotional,"""I'm sorry for not being more grateful as a partner."""
emotional,"""I'm sorry for not being more appreciative as a partner."""
emotional,"""I'm sorry for not being more thankful as a partner."""
emotional,"""I'm sorry for not being more loving as a family member."""
emotional,"""I'm sorry for not being more caring as a family member."""
emotional,"""I'm sorry for not being more understanding as a family member."""
emotional,"""I'm sorry for not being more supportive as a family member."""
emotional,"""I'm sorry for not being more encouraging as a family member."""
emotional,"""I'm sorry for not being more positive as a family member."""
emotional,"""I'm sorry for not being more optimistic as a family member."""
emotional,"""I'm sorry for not being more hopeful as a family member."""
emotional,"""I'm sorry for not being more grateful as a family member."""
emotional,"""I'm sorry for not being more appreciative as a family member."""
emotional,"""I'm sorry for not being more thankful as a family member."""
emotional,"""I'm sorry for not being more loving as a colleague."""
emotional,"""I'm sorry for not being more caring as a colleague."""
emotional,"""I'm sorry for not being more understanding as a colleague."""
emotional,"""I'm sorry for not being more supportive as a colleague."""
emotional,"""I'm sorry for not being more encouraging as a colleague."""
emotional,"""I'm sorry for not being more positive as a colleague."""
emotional,"""I'm sorry for not being more optimistic as a colleague."""
emotional,"""I'm sorry for not being more hopeful as a colleague."""
emotional,"""I'm sorry for not being more grateful as a colleague."""
emotional,"""I'm sorry for not being more appreciative as a colleague."""
emotional,"""I'm sorry for not being more thankful as a colleague."""
emotional,"""I'm sorry for not being more loving as a teammate."""
emotional,"""I'm sorry for not being more caring as a teammate."""
emotional,"""I'm sorry for not being more understanding as a teammate."""
emotional,"""I'm sorry for not being more supportive as a teammate."""
emotional,"""I'm sorry for not being more encouraging as a teammate."""
emotional,"""I'm sorry for not being more positive as a teammate."""
emotional,"""I'm sorry for not being more optimistic as a teammate."""
emotional,"""I'm sorry for not being more hopeful as a teammate."""
emotional,"""I'm sorry for not being more grateful as a teammate."""
emotional,"""I'm sorry for not being more appreciative as a teammate."""
emotional,"""I'm sorry for not being more thankful as a teammate."""
emotional,"""I'm sorry for not being more loving as a neighbor."""
emotional,"""I'm sorry for not being more caring as a neighbor."""
emotional,"""I'm sorry for not being more understanding as a neighbor."""
emotional,"""I'm sorry for not being more supportive as a neighbor."""
emotional,"""I'm sorry for not being more encouraging as a neighbor."""
emotional,"""I'm sorry for not being more positive as a neighbor."""
emotional,"""I'm sorry for not being more optimistic as a neighbor."""
emotional,"""I'm sorry for not being more hopeful as a neighbor."""
emotional,"""I'm sorry for not being more grateful as a neighbor."""
emotional,"""I'm sorry for not being more appreciative as a neighbor."""
emotional,"""I'm sorry for not being more thankful as a neighbor."""
emotional,"""I'm sorry for not being more loving as a classmate."""
emotional,"""I'm sorry for not being more caring as a classmate."""
emotional,"""I'm sorry for not being more understanding as a classmate."""
emotional,"""I'm sorry for not being more supportive as a classmate."""
emotional,"""I'm sorry for not being more encouraging as a classmate."""
emotional,"""I'm sorry for not being more positive as a classmate."""
emotional,"""I'm sorry for not being more optimistic as a classmate."""
emotional,"""I'm sorry for not being more hopeful as a classmate."""
emotional,"""I'm sorry for not being more grateful as a classmate."""
emotional,"""I'm sorry for not being more appreciative as a classmate."""
emotional,"""I'm sorry for not being more thankful as a classmate."""
emotional,"""I'm sorry for not being more loving as a roommate."""
emotional,"""I'm sorry for not being more caring as a roommate."""
emotional,"""I'm sorry for not being more understanding as a roommate."""
emotional,"""I'm sorry for not being more supportive as a roommate."""
emotional,"""I'm sorry for not being more encouraging as a roommate."""
emotional,"""I'm sorry for not being more positive as a roommate."""
emotional,"""I'm sorry for not being more optimistic as a roommate."""
emotional,"""I'm sorry for not being more hopeful as a roommate."""
emotional,"""I'm sorry for not being more grateful as a roommate."""
emotional,"""I'm sorry for not being more appreciative as a roommate."""
emotional,"""I'm sorry for not being more thankful as a roommate."""
emotional,"""I'm sorry for not being more loving as a mentor."""
emotional,"""I'm sorry for not being more caring as a mentor."""
emotional,"""I'm sorry for not being more understanding as a mentor."""
emotional,"""I'm sorry for not being more supportive as a mentor."""
emotional,"""I'm sorry for not being more encouraging as a mentor."""
emotional,"""I'm sorry for not being more positive as a mentor."""
emotional,"""I'm sorry for not being more optimistic as a mentor."""
emotional,"""I'm sorry for not being more hopeful as a mentor."""
emotional,"""I'm sorry for not being more grateful as a mentor."""
emotional,"""I'm sorry for not being more appreciative as a mentor."""
emotional,"""I'm sorry for not being more thankful as a mentor."""
emotional,"""I'm sorry for not being more loving as a mentee."""
emotional,"""I'm sorry for not being more caring as a mentee."""
emotional,"""I'm sorry for not being more understanding as a mentee."""
emotional,"""I'm sorry for not being more supportive as a mentee."""
emotional,"""I'm sorry for not being more encouraging as a mentee."""
emotional,"""I'm sorry for not being more positive as a mentee."""
emotional,"""I'm sorry for not being more optimistic as a mentee."""
emotional,"""I'm sorry for not being more hopeful as a mentee."""
emotional,"""I'm sorry for not being more grateful as a mentee."""
emotional,"""I'm sorry for not being more appreciative as a mentee."""
emotional,"""I'm sorry for not being more thankful as a mentee."""
emotional,"""I'm sorry for not being more present in your life when you needed me."""
emotional,"""I regret not reaching out to you sooner. Please forgive my absence."""
emotional,"""It pains me to think I made you feel unimportant. I am truly sorry."""
emotional,"""I'm sorry for not noticing your struggles. I wish I had been there."""
emotional,"""I'm sorry for not defending you when I should have."""
emotional,"""I regret not making time for you. You deserved better."""
emotional,"""I'm sorry for not being more understanding of your perspective."""
emotional,"""I'm sorry for not recognizing your efforts. You do so much for me."""
emotional,"""I feel guilty for not supporting your dreams. Please forgive me."""
emotional,"""I'm sorry for not being as patient as I should have been."""
emotional,"""I wish I could go back and change how I acted. I'm so sorry."""
emotional,"""I'm sorry for not believing in you when you needed it most."""
emotional,"""I regret not being a better listener. You deserve to be heard."""
emotional,"""I'm sorry for not being there during your tough times."""
emotional,"""I'm sorry for not showing you how much I care."""
emotional,"""I'm sorry for not making you feel loved every day."""
emotional,"""I'm sorry for not being more attentive to your needs."""
emotional,"""I'm sorry for not being more forgiving when you made mistakes."""
emotional,"""I regret not appreciating your kindness enough."""
emotional,"""I'm sorry for not being more gentle with your feelings."""
emotional,"""I'm sorry for not being more respectful of your boundaries."""
emotional,"""I'm sorry for not being more honest about my feelings."""
emotional,"""I regret not being more open with you."""
emotional,"""I'm sorry for not sharing my thoughts with you."""
emotional,"""I'm sorry for not trusting you more."""
emotional,"""I'm sorry for not giving you the benefit of the doubt."""
emotional,"""I'm sorry for not being more supportive of your choices."""
emotional,"""I'm sorry for not being more accepting of your flaws."""
emotional,"""I'm sorry for not being more understanding of your past."""
emotional,"""I'm sorry for not being more compassionate."""
emotional,"""I'm sorry for not being more empathetic."""
emotional,"""I'm sorry for not being more tolerant."""
emotional,"""I'm sorry for not being more inclusive."""
emotional,"""I'm sorry for not being more generous."""
emotional,"""I'm sorry for not being more selfless."""
emotional,"""I'm sorry for not being more humble."""
emotional,"""I'm sorry for not being more sincere."""
emotional,"""I'm sorry for not being more reliable when you counted on me."""
emotional,"""I'm sorry for not being more punctual."""
emotional,"""I'm sorry for not being more organized."""
emotional,"""I'm sorry for not being more focused on our relationship."""
emotional,"""I'm sorry for not being more committed."""
emotional,"""I'm sorry for not being more loyal."""
emotional,"""I'm sorry for not being more dedicated."""
emotional,"""I'm sorry for not being more enthusiastic."""
emotional,"""I'm sorry for not being more optimistic about our future."""
emotional,"""I'm sorry for not being more encouraging of your goals."""
emotional,"""I'm sorry for not being more supportive of your ambitions."""
emotional,"""I'm sorry for not being more considerate of your feelings during arguments."""
emotional,"""I'm sorry for not being more patient with your growth."""
emotional,"""I'm sorry for not being more understanding of your mistakes."""
emotional,"""I'm sorry for not being more loving during your hardships."""
emotional,"""I'm sorry for not being more caring during your struggles."""
emotional,"""I'm sorry for not being more attentive during your successes."""
emotional,"""I'm sorry for not being more present during your celebrations."""
emotional,"""I'm sorry for not being more grateful for your sacrifices."""
emotional,"""I'm sorry for not being more appreciative of your love."""
emotional,"""I'm sorry for not being more thankful for your support."""
emotional,"""I'm sorry for not being more loving during your achievements."""
emotional,"""I'm sorry for not being more caring during your losses."""
emotional,"""I'm sorry for not being more understanding during your failures."""
emotional,"""I'm sorry for not being more supportive during your setbacks."""
emotional,"""I'm sorry for not being more encouraging during your challenges."""
emotional,"""I'm sorry for not being more positive during your difficulties."""
emotional,"""I'm sorry for not being more optimistic during your struggles."""
emotional,"""I'm sorry for not being more hopeful during your hardships."""
emotional,"""I'm sorry for not being more grateful during your successes."""
emotional,"""I'm sorry for not being more appreciative during your victories."""
emotional,"""I'm sorry for not being more thankful during your celebrations."""
emotional,"""I'm sorry for not being more loving during your disappointments."""
emotional,"""I'm sorry for not being more caring during your heartbreaks."""
emotional,"""I'm sorry for not being more understanding during your pain."""
emotional,"""I'm sorry for not being more supportive during your grief."""
emotional,"""I'm sorry for not being more encouraging during your healing."""
emotional,"""I'm sorry for not being more positive during your recovery."""
emotional,"""I'm sorry for not being more optimistic during your journey."""
emotional,"""I'm sorry for not being more hopeful during your process."""
emotional,"""I'm sorry for not being more grateful during your progress."""
emotional,"""I'm sorry for not being more appreciative during your growth."""
emotional,"""I'm sorry for not being more thankful during your transformation."""
emotional,"""I'm sorry for not being more loving during your changes."""
emotional,"""I'm sorry for not being more caring during your transitions."""
emotional,"""I'm sorry for not being more understanding during your adjustments."""
emotional,"""I'm sorry for not being more supportive during your developments."""
emotional,"""I'm sorry for not being more encouraging during your advancements."""
emotional,"""I'm sorry for not being more positive during your improvements."""
emotional,"""I'm sorry for not being more optimistic during your evolution."""
emotional,"""I'm sorry for not being more hopeful during your progress."""
emotional,"""I'm sorry for not being more grateful during your journey."""
emotional,"""I'm sorry for not being more appreciative during your accomplishments."""
emotional,"""I'm sorry for not being more thankful during your milestones."""
emotional,"""I'm sorry for not being more loving during your successes."""
emotional,"""I'm sorry for not being more caring during your achievements."""
emotional,"""I'm sorry for not being more understanding during your victories."""
emotional,"""I'm sorry for not being more supportive during your triumphs."""
emotional,"""I'm sorry for not being more encouraging during your wins."""
emotional,"""I'm sorry for not being more positive during your celebrations."""
emotional,"""I'm sorry for not being more optimistic during your good times."""
emotional,"""I'm sorry for not being more hopeful during your bright moments."""
emotional,"""I'm sorry for not being more grateful during your happy days."""
emotional,"""I'm sorry for not being more appreciative during your joyful occasions."""
emotional,"""I'm sorry for not being more thankful during your special events."""
emotional,"""I'm sorry for not being more loving during your memorable experiences."""
emotional,"""I'm sorry for not being more caring during your unforgettable moments."""
emotional,"""I'm sorry for not being more understanding during your cherished memories."""
emotional,"""I'm sorry for not being more supportive during your treasured times."""
emotional,"""I'm sorry for not being more encouraging during your valued experiences."""
emotional,"""I'm sorry for not being more positive during your precious memories."""
emotional,"""I'm sorry for not being more optimistic during your golden moments."""
emotional,"""I'm sorry for not being more hopeful during your shining times."""
emotional,"""I'm sorry for not being more grateful during your wonderful experiences."""
emotional,"""I'm sorry for not being more appreciative during your delightful occasions."""
emotional,"""I'm sorry for not being more thankful during your pleasing events."""
emotional,"""I'm sorry for not being more loving during your enjoyable moments."""
emotional,"""I'm sorry for not being more caring during your pleasant times."""
emotional,"""I'm sorry for not being more understanding during your agreeable experiences."""
emotional,"""I'm sorry for not being more supportive during your satisfying occasions."""
emotional,"""I'm sorry for not being more encouraging during your fulfilling events."""
emotional,"""I'm sorry for not being more positive during your rewarding moments."""
emotional,"""I'm sorry for not being more optimistic during your successful times."""
emotional,"""I'm sorry for not being more hopeful during your prosperous experiences."""
emotional,"""I'm sorry for not being more grateful during your flourishing occasions."""
emotional,"""I'm sorry for not being more appreciative during your thriving events."""
emotional,"""I'm sorry for not being more thankful during your blooming moments."""
emotional,"""I'm sorry for not being more loving during your blossoming times."""
emotional,"""I'm sorry for not being more caring during your fruitful experiences."""
emotional,"""I'm sorry for not being more understanding during your productive occasions."""
emotional,"""I'm sorry for not being more supportive during your constructive events."""
emotional,"""I'm sorry for not being more encouraging during your creative moments."""
emotional,"""I'm sorry for not being more positive during your inventive times."""
emotional,"""I'm sorry for not being more optimistic during your innovative experiences."""
emotional,"""I'm sorry for not being more hopeful during your imaginative occasions."""
emotional,"""I'm sorry for not being more grateful during your inspired events."""
emotional,"""I'm sorry for not being more appreciative during your motivated moments."""
emotional,"""I'm sorry for not being more thankful during your enthusiastic times."""
emotional,"""I'm sorry for not being more loving during your passionate experiences."""
emotional,"""I'm sorry for not being more caring during your spirited occasions."""
emotional,"""I'm sorry for not being more understanding during your lively events."""
emotional,"""I'm sorry for not being more supportive during your energetic moments."""
emotional,"""I'm sorry for not being more encouraging during your dynamic times."""
emotional,"""I'm sorry for not being more positive during your vibrant experiences."""
emotional,"""I'm sorry for not being more optimistic during your radiant occasions."""
emotional,"""I'm sorry for not being more hopeful during your brilliant events."""
emotional,"""I'm sorry for not being more grateful during your shining moments."""
emotional,"""I'm sorry for not being more appreciative during your sparkling times."""
emotional,"""I'm sorry for not being more thankful during your dazzling experiences."""
emotional,"""I'm sorry for not being more loving during your glowing occasions."""
emotional,"""I'm sorry for not being more caring during your bright events."""
emotional,"""I'm sorry for not being more understanding during your luminous moments."""
emotional,"""I'm sorry for not being more supportive during your beaming times."""
emotional,"""I'm sorry for not being more encouraging during your gleaming experiences."""
emotional,"""I'm sorry for not being more positive during your shimmering occasions."""
emotional,"""I'm sorry for not being more optimistic during your twinkling events."""
emotional,"""I'm sorry for not being more hopeful during your sparkling moments."""
emotional,"""I'm sorry for not being more grateful during your radiant times."""
emotional,"""I'm sorry for not being more appreciative during your glowing experiences."""
emotional,"""I'm sorry for not being more thankful during your bright occasions."""
emotional,"""I'm sorry for not being more loving during your luminous events."""
emotional,"""I'm sorry for not being more caring during your beaming moments."""
emotional,"""I'm sorry for not being more understanding during your gleaming times."""
emotional,"""I'm sorry for not being more supportive during your shimmering experiences."""
emotional,"""I'm sorry for not being more encouraging during your twinkling occasions."""
emotional,"""I'm sorry for not being more positive during your sparkling events."""
emotional,"""I'm sorry for not being more optimistic during your dazzling moments."""
emotional,"""I'm sorry for not being more hopeful during your brilliant times."""
emotional,"""I'm sorry for not being more grateful during your shining experiences."""
emotional,"""I'm sorry for not being more appreciative during your glowing occasions."""
emotional,"""I'm sorry for not being more thankful during your bright events."""
emotional,"""I deeply regret my actions and the pain they've caused you. I hope you can find it in your heart to forgive me."""
emotional,"""My heart is heavy with guilt knowing I let you down. Please accept my sincere apology."""
emotional,"""I realize now how much my behavior hurt you"", and I am truly sorry for my insensitivity."
emotional,"""It breaks my heart to see you upset because of me. I am so sorry."""
emotional,"""I never wanted to be the reason for your sadness. I’m truly sorry."""
emotional,"""Regret fills me every time I remember my words. I wish I could take them back."""
emotional,"""I feel lost without your support and understanding. Please forgive me."""
emotional,"""My careless actions have cost me your trust"", and I am deeply sorry."
emotional,"""You deserved better from me"", and I failed you. I hope to earn your forgiveness."
emotional,"""I am truly sorry for the emotional pain I caused you."""
emotional,"""My apology may not fix everything"", but I promise to do better."
emotional,"""I miss the bond we shared"", and I am sorry for breaking it."
emotional,"""You put your faith in me"", and I let you down. I am so sorry."
emotional,"""You mean so much to me"", and I’m sorry for making you feel otherwise."
emotional,"""I am sorry for not being the friend you needed when you needed me most."""
emotional,"""The distance between us is my fault"", and I regret it deeply."
emotional,"""I am sorry for my selfishness and the hurt it caused."""
emotional,"""I know I broke your trust"", and I am truly sorry for that."
emotional,"""Your forgiveness would mean everything to me right now."""
emotional,"""I am sorry for not valuing your feelings as I should have."""
emotional,"""I am sorry for not standing by your side when you needed me."""
emotional,"""My actions were inexcusable"", and I am filled with regret."
emotional,"""I am sorry for letting my pride get in the way of our relationship."""
emotional,"""You deserved honesty"", and I failed to give it to you. I’m sorry."
emotional,"""I am sorry for not being there to support you through your struggles."""
emotional,"""My thoughtless behavior has hurt you"", and I am deeply sorry."
emotional,"""I am sorry for ignoring your needs and focusing only on myself."""
emotional,"""Your pain is a reflection of my mistake"", and I am truly sorry."
emotional,"""I am sorry for making you feel like you didn’t matter."""
emotional,"""I regret not being more attentive to your worries."""
emotional,"""You have every right to be upset with me"", and I am sorry."
emotional,"""I am sorry for not keeping my promises to you."""
emotional,"""I let you down when you were counting on me"", and I regret it."
emotional,"""I am sorry for not listening to your side of the story."""
emotional,"""I am sorry for being dismissive of your concerns."""
emotional,"""I am sorry for not being more patient with you."""
emotional,"""I am sorry for taking your kindness for granted."""
emotional,"""I am sorry for not making you feel loved and appreciated."""
emotional,"""I am sorry for not prioritizing our relationship."""
emotional,"""You deserved more respect from me"", and I apologize."
emotional,"""I am sorry for not being more understanding of your perspective."""
emotional,"""I am sorry for not being a better communicator."""
emotional,"""I am sorry for not being more present in our conversations."""
emotional,"""I am sorry for not showing gratitude for all that you do."""
emotional,"""I am sorry for letting my frustrations out on you."""
emotional,"""I am sorry for not being more supportive of your decisions."""
emotional,"""I am sorry for not recognizing your efforts sooner."""
emotional,"""I am sorry for not being more considerate of your feelings."""
emotional,"""I am sorry for not being more open about my own feelings."""
emotional,"""I am sorry for not being more forgiving of your mistakes."""
emotional,"""I am sorry for not being more reliable as a friend."""
emotional,"""I am sorry for not making you feel safe to express yourself."""
emotional,"""I am sorry for not being more encouraging when you needed it."""
emotional,"""I am sorry for not being more attentive to your happiness."""
emotional,"""I am sorry for not being more thoughtful in my actions."""
emotional,"""I am sorry for not being more compassionate towards you."""
emotional,"""I am sorry for not being more generous with my time."""
emotional,"""I am sorry for not being more understanding of your silence."""
emotional,"""I am sorry for not being more patient with your healing process."""
emotional,"""I am sorry for not being more mindful of your boundaries."""
emotional,"""I am sorry for not being more accepting of your differences."""
emotional,"""I am sorry for not being more respectful of your opinions."""
emotional,"""I am sorry for not being more grateful for your presence in my life."""
emotional,"""I am sorry for not being more attentive to your needs."""
emotional,"""I am sorry for not being more loving during your difficult times."""
emotional,"""I am sorry for not being more supportive during your low moments."""
emotional,"""I am sorry for not being more appreciative during your sacrifices."""
emotional,"""I am sorry for not being more encouraging during your setbacks."""
emotional,"""I am sorry for not being more positive during your struggles."""
emotional,"""I am sorry for not being more optimistic during your hardships."""
emotional,"""I am sorry for not being more hopeful during your challenges."""
emotional,"""I am sorry for not being more grateful during your achievements."""
emotional,"""I am sorry for not being more appreciative during your milestones."""
emotional,"""I am sorry for not being more thankful during your victories."""
emotional,"""I am sorry for not being more loving during your celebrations."""
emotional,"""I am sorry for not being more caring during your losses."""
emotional,"""I am sorry for not being more understanding during your failures."""
emotional,"""I am sorry for not being more supportive during your disappointments."""
emotional,"""I am sorry for not being more encouraging during your heartbreaks."""
emotional,"""I am sorry for not being more positive during your pain."""
emotional,"""I am sorry for not being more optimistic during your grief."""
emotional,"""I am sorry for not being more hopeful during your recovery."""
emotional,"""I am sorry for not being more grateful during your healing."""
emotional,"""I am sorry for not being more appreciative during your progress."""
emotional,"""I am sorry for not being more thankful during your growth."""
emotional,"""I am sorry for not being more loving during your transformation."""
emotional,"""I am sorry for not being more caring during your changes."""
emotional,"""I am sorry for not being more understanding during your transitions."""
emotional,"""I am sorry for not being more supportive during your adjustments."""
emotional,"""I am sorry for not being more encouraging during your developments."""
emotional,"""I am sorry for not being more positive during your advancements."""
emotional,"""I am sorry for not being more optimistic during your improvements."""
emotional,"""I am sorry for not being more hopeful during your evolution."""
emotional,"""I am sorry for not being more grateful during your journey."""
emotional,"""I am sorry for not being more appreciative during your accomplishments."""
emotional,"""I am sorry for not being more thankful during your milestones."""
emotional,"""I am sorry for not being more loving during your successes."""
emotional,"""I am sorry for not being more caring during your achievements."""
emotional,"""I am sorry for not being more understanding during your victories."""
emotional,"""I am sorry for not being more supportive during your triumphs."""
emotional,"""I am sorry for not being more encouraging during your wins."""
emotional,"""I am sorry for not being more positive during your celebrations."""
emotional,"""I am sorry for not being more optimistic during your good times."""
emotional,"""I am sorry for not being more hopeful during your bright moments."""
emotional,"""I am sorry for not being more grateful during your happy days."""
emotional,"""I am sorry for not being more appreciative during your joyful occasions."""
emotional,"""I am sorry for not being more thankful during your special events."""
emotional,"""I am sorry for not being more loving during your memorable experiences."""
emotional,"""I am sorry for not being more caring during your unforgettable moments."""
emotional,"""I am sorry for not being more understanding during your cherished memories."""
emotional,"""I am sorry for not being more supportive during your treasured times."""
emotional,"""I am sorry for not being more encouraging during your valued experiences."""
emotional,"""I am sorry for not being more positive during your precious memories."""
emotional,"""I am sorry for not being more optimistic during your golden moments."""
emotional,"""I am sorry for not being more hopeful during your shining times."""
emotional,"""I am sorry for not being more grateful during your wonderful experiences."""
emotional,"""I am sorry for not being more appreciative during your delightful occasions."""
emotional,"""I am sorry for not being more thankful during your pleasing events."""
emotional,"""I am sorry for not being more loving during your enjoyable moments."""
emotional,"""I am sorry for not being more caring during your pleasant times."""
emotional,"""I am sorry for not being more understanding during your agreeable experiences."""
emotional,"""I am sorry for not being more supportive during your satisfying occasions."""
emotional,"""I am sorry for not being more encouraging during your fulfilling events."""
emotional,"""I am sorry for not being more positive during your rewarding moments."""
emotional,"""I am sorry for not being more optimistic during your successful times."""
emotional,"""I am sorry for not being more hopeful during your prosperous experiences."""
emotional,"""I am sorry for not being more grateful during your flourishing occasions."""
emotional,"""I am sorry for not being more appreciative during your thriving events."""
emotional,"""I am sorry for not being more thankful during your blooming moments."""
emotional,"""I am sorry for not being more loving during your blossoming times."""
emotional,"""I am sorry for not being more caring during your fruitful experiences."""
emotional,"""I am sorry for not being more understanding during your productive occasions."""
emotional,"""I am sorry for not being more supportive during your constructive events."""
emotional,"""I am sorry for not being more encouraging during your creative moments."""
emotional,"""I am sorry for not being more positive during your inventive times."""
emotional,"""I am sorry for not being more optimistic during your innovative experiences."""
emotional,"""I am sorry for not being more hopeful during your imaginative occasions."""
emotional,"""I am sorry for not being more grateful during your inspired events."""
emotional,"""I am sorry for not being more appreciative during your motivated moments."""
emotional,"""I am sorry for not being more thankful during your enthusiastic times."""
emotional,"""I am sorry for not being more loving during your passionate experiences."""
emotional,"""I am sorry for not being more caring during your spirited occasions."""
emotional,"""I am sorry for not being more understanding during your lively events."""
emotional,"""I am sorry for not being more supportive during your energetic moments."""
emotional,"""I am sorry for not being more encouraging during your dynamic times."""
emotional,"""I am sorry for not being more positive during your vibrant experiences."""
emotional,"""I am sorry for not being more optimistic during your radiant occasions."""
emotional,"""I am sorry for not being more hopeful during your brilliant events."""
emotional,"""I am sorry for not being more grateful during your shining moments."""
emotional,"""I am sorry for not being more appreciative during your sparkling times."""
emotional,"""I am sorry for not being more thankful during your dazzling experiences."""
emotional,"""I am sorry for not being more loving during your glowing occasions."""
emotional,"""I am sorry for not being more caring during your bright events."""
emotional,"""I am sorry for not being more understanding during your luminous moments."""
emotional,"""I am sorry for not being more supportive during your beaming times."""
emotional,"""I am sorry for not being more encouraging during your gleaming experiences."""
emotional,"""I am sorry for not being more positive during your shimmering occasions."""
emotional,"""I am sorry for not being more optimistic during your twinkling events."""
emotional,"""I am sorry for not being more hopeful during your sparkling moments."""
emotional,"""I am sorry for not being more grateful during your radiant times."""
emotional,"""I am sorry for not being more appreciative during your glowing experiences."""
emotional,"""I am sorry for not being more thankful during your bright occasions."""
emotional,"""I am sorry for not being more loving during your luminous events."""
emotional,"""I am sorry for not being more caring during your beaming moments."""
emotional,"""I am sorry for not being more understanding during your gleaming times."""
emotional,"""I am sorry for not being more supportive during your shimmering experiences."""
emotional,"""I am sorry for not being more encouraging during your twinkling occasions."""
emotional,"""I am sorry for not being more positive during your sparkling events."""
emotional,"""I am sorry for not being more optimistic during your dazzling moments."""
emotional,"""I am sorry for not being more hopeful during your brilliant times."""
emotional,"""I am sorry for not being more grateful during your shining experiences."""
emotional,"""I am sorry for not being more appreciative during your glowing occasions."""
emotional,"""I am sorry for not being more thankful during your bright events."""
emotional,"""I regret not realizing sooner how much my actions affected you."""
emotional,"""Your tears haunt me every night. I’m so sorry for causing them."""
emotional,"""I’m sorry for not seeing things from your perspective."""
emotional,"""My apology may not be enough"", but my remorse is real."
emotional,"""Please forgive me for the distance I created between us."""
emotional,"""You are important to me"", and I’m sorry for making you feel otherwise."
emotional,"""You trusted me and I broke that trust. I am truly sorry."""
emotional,"""I regret not being there during your darkest moments."""
emotional,"""I’m sorry for not cherishing our time together."""
emotional,"""You gave me your best"", and I gave you my worst. I apologize."
emotional,"""I’m sorry for not respecting your boundaries."""
emotional,"""My insensitivity was inexcusable. Please accept my apology."""
emotional,"""I’m sorry for not believing in you when it mattered most."""
emotional,"""I am deeply sorry for the words I can never take back."""
emotional,"""I’m sorry for not defending you when others doubted you."""
emotional,"""I’m sorry for making you feel like you were not enough."""
emotional,"""I regret not being your safe space when you needed one."""
emotional,"""I’m sorry for letting my insecurities hurt you."""
emotional,"""I’m sorry for making you question your worth."""
emotional,"""I’m sorry for making you feel invisible."""
emotional,"""I’m sorry for not acknowledging your pain."""
emotional,"""I’m sorry for not being more gentle with your heart."""
emotional,"""I’m sorry for not showing you the compassion you deserved."""
emotional,"""I’m sorry for not being a better listener."""
emotional,"""I’m sorry for not celebrating your victories with you."""
emotional,"""I’m sorry for not comforting you during your losses."""
emotional,"""I’m sorry for not being your source of strength."""
emotional,"""I’m sorry for making you feel alone in your struggles."""
emotional,"""I’m sorry for not appreciating your sacrifices."""
emotional,"""I’m sorry for not making you feel special every day."""
emotional,"""I’m sorry for not expressing my gratitude for you."""
emotional,"""I’m sorry for not being your biggest supporter."""
emotional,"""I’m sorry for not making you feel secure in our relationship."""
emotional,"""I’m sorry for not being consistent with my affection."""
emotional,"""I’m sorry for not prioritizing your happiness."""
emotional,"""I’m sorry for not being more mindful of your emotions."""
emotional,"""I’m sorry for not being more encouraging."""
emotional,"""I’m sorry for not being more understanding of your silence."""
emotional,"""I’m sorry for not being more attentive to your dreams."""
emotional,"""I’m sorry for not making you feel heard."""
emotional,"""I’m sorry for not being more transparent with my feelings."""
emotional,"""I’m sorry for not being more accepting of your flaws."""
emotional,"""I’m sorry for not being more patient with your journey."""
emotional,"""I’m sorry for not being more forgiving of your shortcomings."""
emotional,"""I’m sorry for not being more optimistic about us."""
emotional,"""I’m sorry for not being more hopeful for our future."""
emotional,"""I’m sorry for not being more grateful for your love."""
emotional,"""I’m sorry for not being more appreciative of your efforts."""
emotional,"""I’m sorry for not being more thankful for your presence."""
emotional,"""I’m sorry for not being more loving during your hardships."""
emotional,"""I’m sorry for not being more caring during your difficult days."""
emotional,"""I’m sorry for not being more supportive during your setbacks."""
emotional,"""I’m sorry for not being more encouraging during your failures."""
emotional,"""I’m sorry for not being more positive during your disappointments."""
emotional,"""I’m sorry for not being more optimistic during your challenges."""
emotional,"""I’m sorry for not being more hopeful during your struggles."""
emotional,"""I’m sorry for not being more grateful during your achievements."""
emotional,"""I’m sorry for not being more appreciative during your milestones."""
emotional,"""I’m sorry for not being more thankful during your successes."""
emotional,"""I’m sorry for not being more loving during your celebrations."""
emotional,"""I’m sorry for not being more caring during your losses."""
emotional,"""I’m sorry for not being more understanding during your pain."""
emotional,"""I’m sorry for not being more supportive during your grief."""
emotional,"""I’m sorry for not being more encouraging during your healing."""
emotional,"""I’m sorry for not being more positive during your recovery."""
emotional,"""I’m sorry for not being more optimistic during your journey."""
emotional,"""I’m sorry for not being more hopeful during your process."""
emotional,"""I’m sorry for not being more grateful during your growth."""
emotional,"""I’m sorry for not being more appreciative during your transformation."""
emotional,"""I’m sorry for not being more thankful during your changes."""
emotional,"""I’m sorry for not being more loving during your transitions."""
emotional,"""I’m sorry for not being more caring during your adjustments."""
emotional,"""I’m sorry for not being more understanding during your developments."""
emotional,"""I’m sorry for not being more supportive during your advancements."""
emotional,"""I’m sorry for not being more encouraging during your improvements."""
emotional,"""I’m sorry for not being more positive during your evolution."""
emotional,"""I’m sorry for not being more optimistic during your progress."""
emotional,"""I’m sorry for not being more hopeful during your accomplishments."""
emotional,"""I’m sorry for not being more grateful during your milestones."""
emotional,"""I’m sorry for not being more appreciative during your victories."""
emotional,"""I’m sorry for not being more thankful during your celebrations."""
emotional,"""I’m sorry for not being more loving during your special moments."""
emotional,"""I’m sorry for not being more caring during your memorable experiences."""
emotional,"""I’m sorry for not being more understanding during your cherished times."""
emotional,"""I’m sorry for not being more supportive during your treasured memories."""
emotional,"""I’m sorry for not being more encouraging during your valued occasions."""
emotional,"""I’m sorry for not being more positive during your precious events."""
emotional,"""I’m sorry for not being more optimistic during your golden moments."""
emotional,"""I’m sorry for not being more hopeful during your shining times."""
emotional,"""I’m sorry for not being more grateful during your wonderful experiences."""
emotional,"""I’m sorry for not being more appreciative during your delightful occasions."""
emotional,"""I’m sorry for not being more thankful during your pleasing events."""
emotional,"""I’m sorry for not being more loving during your enjoyable moments."""
emotional,"""I’m sorry for not being more caring during your pleasant times."""
emotional,"""I’m sorry for not being more understanding during your agreeable experiences."""
emotional,"""I’m sorry for not being more supportive during your satisfying occasions."""
emotional,"""I’m sorry for not being more encouraging during your fulfilling events."""
emotional,"""I’m sorry for not being more positive during your rewarding moments."""
emotional,"""I’m sorry for not being more optimistic during your successful times."""
emotional,"""I’m sorry for not being more hopeful during your prosperous experiences."""
emotional,"""I’m sorry for not being more grateful during your flourishing occasions."""
emotional,"""I’m sorry for not being more appreciative during your thriving events."""
emotional,"""I’m sorry for not being more thankful during your blooming moments."""
emotional,"""I’m sorry for not being more loving during your blossoming times."""
emotional,"""I’m sorry for not being more caring during your fruitful experiences."""
emotional,"""I’m sorry for not being more understanding during your productive occasions."""
emotional,"""I’m sorry for not being more supportive during your constructive events."""
emotional,"""I’m sorry for not being more encouraging during your creative moments."""
emotional,"""I’m sorry for not being more positive during your inventive times."""
emotional,"""I’m sorry for not being more optimistic during your innovative experiences."""
emotional,"""I’m sorry for not being more hopeful during your imaginative occasions."""
emotional,"""I’m sorry for not being more grateful during your inspired events."""
emotional,"""I’m sorry for not being more appreciative during your motivated moments."""
emotional,"""I’m sorry for not being more thankful during your enthusiastic times."""
emotional,"""I’m sorry for not being more loving during your passionate experiences."""
emotional,"""I’m sorry for not being more caring during your spirited occasions."""
emotional,"""I’m sorry for not being more understanding during your lively events."""
emotional,"""I’m sorry for not being more supportive during your energetic moments."""
emotional,"""I’m sorry for not being more encouraging during your dynamic times."""
emotional,"""I’m sorry for not being more positive during your vibrant experiences."""
emotional,"""I’m sorry for not being more optimistic during your radiant occasions."""
emotional,"""I’m sorry for not being more hopeful during your brilliant events."""
emotional,"""I’m sorry for not being more grateful during your shining moments."""
emotional,"""I’m sorry for not being more appreciative during your sparkling times."""
emotional,"""I’m sorry for not being more thankful during your dazzling experiences."""
emotional,"""I’m sorry for not being more loving during your glowing occasions."""
emotional,"""I’m sorry for not being more caring during your bright events."""
emotional,"""I’m sorry for not being more understanding during your luminous moments."""
emotional,"""I’m sorry for not being more supportive during your beaming times."""
emotional,"""I’m sorry for not being more encouraging during your gleaming experiences."""
emotional,"""I’m sorry for not being more positive during your shimmering occasions."""
emotional,"""I’m sorry for not being more optimistic during your twinkling events."""
emotional,"""I’m sorry for not being more hopeful during your sparkling moments."""
emotional,"""I’m sorry for not being more grateful during your radiant times."""
emotional,"""I’m sorry for not being more appreciative during your glowing experiences."""
emotional,"""I’m sorry for not being more thankful during your bright occasions."""
emotional,"""I’m sorry for not being more loving during your luminous events."""
emotional,"""I’m sorry for not being more caring during your beaming moments."""
emotional,"""I’m sorry for not being more understanding during your gleaming times."""
emotional,"""I’m sorry for not being more supportive during your shimmering experiences."""
emotional,"""I’m sorry for not being more encouraging during your twinkling occasions."""
emotional,"""I’m sorry for not being more positive during your sparkling events."""
emotional,"""I’m sorry for not being more optimistic during your dazzling moments."""
emotional,"""I’m sorry for not being more hopeful during your brilliant times."""
emotional,"""I’m sorry for not being more grateful during your shining experiences."""
emotional,"""I’m sorry for not being more appreciative during your glowing occasions."""
emotional,"""I’m sorry for not being more thankful during your bright events."""
emotional,"""My actions have left a scar on our relationship"", and I am truly sorry."
emotional,"""You are precious to me"", and I’m sorry for making you feel otherwise."
emotional,"""I am sorry for not being the person you deserved."""
emotional,"""I am sorry for the times I made you feel alone."""
emotional,"""I regret not being your comfort when you needed it most."""
emotional,"""I am sorry for not noticing when you were struggling."""
emotional,"""I am sorry for not being your cheerleader."""
emotional,"""I am sorry for not being your confidante."""
emotional,"""I am sorry for not being your shoulder to cry on."""
emotional,"""I am sorry for not being your source of laughter."""
emotional,"""I am sorry for not being your safe haven."""
emotional,"""I am sorry for not being your guiding light."""
emotional,"""I am sorry for not being your anchor in stormy seas."""
emotional,"""I am sorry for not being your rock."""
emotional,"""I am sorry for not being your inspiration."""
emotional,"""I am sorry for not being your hope."""
emotional,"""I am sorry for not being your joy."""
emotional,"""I am sorry for not being your peace."""
emotional,"""I am sorry for not being your strength."""
emotional,"""I am sorry for not being your happiness."""
emotional,"""I am sorry for not being your home."""
emotional,"""I am sorry for not being your family when you needed one."""
emotional,"""I am sorry for not being your friend when you needed one."""
emotional,"""I am sorry for not being your support system."""
emotional,"""I am sorry for not being your encourager."""
emotional,"""I am sorry for not being your motivator."""
emotional,"""I am sorry for not being your believer."""
emotional,"""I am sorry for not being your protector."""
emotional,"""I am sorry for not being your helper."""
emotional,"""I am sorry for not being your partner in crime."""
emotional,"""I am sorry for not being your best friend."""
emotional,"""I am sorry for not being your soulmate."""
emotional,"""I am sorry for not being your everything."""
emotional,"""I’m sorry for not realizing how much you needed me in that moment."""
emotional,"""I regret not being the comfort you deserved when you were hurting."""
emotional,"""I’m sorry for not being the friend you could rely on."""
emotional,"""My actions made you question yourself"", and I am deeply sorry."
emotional,"""I’m sorry for not protecting your heart as I promised."""
emotional,"""I am sorry for not being more attentive to your silent cries for help."""
emotional,"""I’m sorry for not being more present in your happiest moments."""
emotional,"""I regret not making you feel like a priority in my life."""
emotional,"""I’m sorry for letting my own issues get in the way of our relationship."""
emotional,"""I’m sorry for not being there to celebrate your successes."""
emotional,"""I’m sorry for not being more gentle with your insecurities."""
emotional,"""I am sorry for not being more understanding of your fears."""
emotional,"""I’m sorry for not being more supportive of your passions."""
emotional,"""I’m sorry for not being more grateful for your patience."""
emotional,"""I’m sorry for not being more aware of your needs."""
emotional,"""I’m sorry for not being more enthusiastic about your dreams."""
emotional,"""I’m sorry for not being more present in our conversations."""
emotional,"""I’m sorry for not being more open about my own struggles."""
emotional,"""I’m sorry for not being more willing to compromise."""
emotional,"""I’m sorry for not being more mindful of your triggers."""
emotional,"""I’m sorry for not being more respectful of your space."""
emotional,"""I’m sorry for not being more accepting of your personality."""
emotional,"""I’m sorry for not being more supportive during your lowest points."""
emotional,"""I’m sorry for not being more encouraging during your self-doubt."""
emotional,"""I’m sorry for not being more optimistic about your future."""
emotional,"""I’m sorry for not being more hopeful for your happiness."""
emotional,"""I’m sorry for not being more grateful for your forgiveness."""
emotional,"""I’m sorry for not being more appreciative of your honesty."""
emotional,"""I’m sorry for not being more thankful for your understanding."""
emotional,"""I’m sorry for not being more loving during your moments of vulnerability."""
emotional,"""I’m sorry for not being more caring during your times of need."""
emotional,"""I’m sorry for not being more understanding during your confusion."""
emotional,"""I’m sorry for not being more supportive during your transitions."""
emotional,"""I’m sorry for not being more encouraging during your learning."""
emotional,"""I’m sorry for not being more positive during your setbacks."""
emotional,"""I’m sorry for not being more optimistic during your changes."""
emotional,"""I’m sorry for not being more hopeful during your new beginnings."""
emotional,"""I’m sorry for not being more grateful during your lessons."""
emotional,"""I’m sorry for not being more appreciative during your teachings."""
emotional,"""I’m sorry for not being more thankful during your guidance."""
emotional,"""I’m sorry for not being more loving during your mentoring."""
emotional,"""I’m sorry for not being more caring during your advice."""
emotional,"""I’m sorry for not being more understanding during your warnings."""
emotional,"""I’m sorry for not being more supportive during your corrections."""
emotional,"""I’m sorry for not being more encouraging during your feedback."""
emotional,"""I’m sorry for not being more positive during your criticisms."""
emotional,"""I’m sorry for not being more optimistic during your suggestions."""
emotional,"""I’m sorry for not being more hopeful during your plans."""
emotional,"""I’m sorry for not being more grateful during your support."""
emotional,"""I’m sorry for not being more appreciative during your help."""
emotional,"""I’m sorry for not being more thankful during your assistance."""
emotional,"""I’m sorry for not being more loving during your generosity."""
emotional,"""I’m sorry for not being more caring during your kindness."""
emotional,"""I’m sorry for not being more understanding during your compassion."""
emotional,"""I’m sorry for not being more supportive during your empathy."""
emotional,"""I’m sorry for not being more encouraging during your patience."""
emotional,"""I’m sorry for not being more positive during your tolerance."""
emotional,"""I’m sorry for not being more optimistic during your acceptance."""
emotional,"""I’m sorry for not being more hopeful during your forgiveness."""
emotional,"""I’m sorry for not being more grateful during your mercy."""
emotional,"""I’m sorry for not being more appreciative during your leniency."""
emotional,"""I’m sorry for not being more thankful during your understanding."""
emotional,"""I’m sorry for not being more loving during your acceptance."""
emotional,"""I’m sorry for not being more caring during your inclusion."""
emotional,"""I’m sorry for not being more understanding during your openness."""
emotional,"""I’m sorry for not being more supportive during your flexibility."""
emotional,"""I’m sorry for not being more encouraging during your adaptability."""
emotional,"""I’m sorry for not being more positive during your willingness."""
emotional,"""I’m sorry for not being more optimistic during your readiness."""
emotional,"""I’m sorry for not being more hopeful during your responsiveness."""
emotional,"""I’m sorry for not being more grateful during your availability."""
emotional,"""I’m sorry for not being more appreciative during your presence."""
emotional,"""I’m sorry for not being more thankful during your time."""
emotional,"""I’m sorry for not being more loving during your attention."""
emotional,"""I’m sorry for not being more caring during your focus."""
emotional,"""I’m sorry for not being more understanding during your dedication."""
emotional,"""I’m sorry for not being more supportive during your commitment."""
emotional,"""I’m sorry for not being more encouraging during your devotion."""
emotional,"""I’m sorry for not being more positive during your loyalty."""
emotional,"""I’m sorry for not being more optimistic during your faithfulness."""
emotional,"""I’m sorry for not being more hopeful during your trust."""
emotional,"""I’m sorry for not being more grateful during your reliance."""
emotional,"""I’m sorry for not being more appreciative during your dependability."""
emotional,"""I’m sorry for not being more thankful during your consistency."""
emotional,"""I’m sorry for not being more loving during your steadfastness."""
emotional,"""I’m sorry for not being more caring during your perseverance."""
emotional,"""I’m sorry for not being more understanding during your endurance."""
emotional,"""I’m sorry for not being more supportive during your persistence."""
emotional,"""I’m sorry for not being more encouraging during your tenacity."""
emotional,"""I’m sorry for not being more positive during your determination."""
emotional,"""I’m sorry for not being more optimistic during your resolve."""
emotional,"""I’m sorry for not being more hopeful during your ambition."""
emotional,"""I’m sorry for not being more grateful during your drive."""
emotional,"""I’m sorry for not being more appreciative during your motivation."""
emotional,"""I’m sorry for not being more thankful during your inspiration."""
emotional,"""I’m sorry for not being more loving during your passion."""
emotional,"""I’m sorry for not being more caring during your enthusiasm."""
emotional,"""I’m sorry for not being more understanding during your excitement."""
emotional,"""I’m sorry for not being more supportive during your eagerness."""
emotional,"""I’m sorry for not being more encouraging during your zeal."""
emotional,"""I’m sorry for not being more positive during your energy."""
emotional,"""I’m sorry for not being more optimistic during your vigor."""
emotional,"""I’m sorry for not being more hopeful during your spirit."""
emotional,"""I’m sorry for not being more grateful during your liveliness."""
emotional,"""I’m sorry for not being more appreciative during your cheerfulness."""
emotional,"""I’m sorry for not being more thankful during your joyfulness."""
emotional,"""I’m sorry for not being more loving during your happiness."""
emotional,"""I’m sorry for not being more caring during your delight."""
emotional,"""I’m sorry for not being more understanding during your pleasure."""
emotional,"""I’m sorry for not being more supportive during your contentment."""
emotional,"""I’m sorry for not being more encouraging during your satisfaction."""
emotional,"""I’m sorry for not being more positive during your fulfillment."""
emotional,"""I’m sorry for not being more optimistic during your bliss."""
emotional,"""I’m sorry for not being more hopeful during your serenity."""
emotional,"""I’m sorry for not being more grateful during your peace."""
emotional,"""I’m sorry for not being more appreciative during your calmness."""
emotional,"""I’m sorry for not being more thankful during your tranquility."""
emotional,"""I’m sorry for not being more loving during your relaxation."""
emotional,"""I’m sorry for not being more caring during your comfort."""
emotional,"""I’m sorry for not being more understanding during your ease."""
emotional,"""I’m sorry for not being more supportive during your rest."""
emotional,"""I’m sorry for not being more encouraging during your leisure."""
emotional,"""I’m sorry for not being more positive during your freedom."""
emotional,"""I’m sorry for not being more optimistic during your independence."""
emotional,"""I’m sorry for not being more hopeful during your self-sufficiency."""
emotional,"""I’m sorry for not being more grateful during your autonomy."""
emotional,"""I’m sorry for not being more appreciative during your self-reliance."""
emotional,"""I’m sorry for not being more thankful during your self-determination."""
emotional,"""I’m sorry for not being more loving during your confidence."""
emotional,"""I’m sorry for not being more caring during your self-assurance."""
emotional,"""I’m sorry for not being more understanding during your self-esteem."""
emotional,"""I’m sorry for not being more supportive during your self-worth."""
emotional,"""I’m sorry for not being more encouraging during your self-respect."""
emotional,"""I’m sorry for not being more positive during your self-love."""
emotional,"""I’m sorry for not being more optimistic during your self-acceptance."""
emotional,"""I’m sorry for not being more hopeful during your self-growth."""
emotional,"""I’m sorry for not being more grateful during your self-improvement."""
emotional,"""I’m sorry for not being more appreciative during your self-development."""
emotional,"""I’m sorry for not being more thankful during your self-actualization."""
emotional,"""I’m sorry for not being more loving during your self-discovery."""
emotional,"""I’m sorry for not being more caring during your self-reflection."""
emotional,"""I’m sorry for not being more understanding during your self-awareness."""
emotional,"""I’m sorry for not being more supportive during your self-exploration."""
emotional,"""I’m sorry for not being more encouraging during your self-realization."""
emotional,"""I’m sorry for not being more positive during your self-fulfillment."""
emotional,"""I’m sorry for not being more optimistic during your self-satisfaction."""
emotional,"""I’m sorry for not being more hopeful during your self-contentment."""
emotional,"""I’m sorry for not being more grateful during your self-confidence."""
emotional,"""I’m sorry for not being more appreciative during your self-assurance."""
emotional,"""I’m sorry for not being more thankful during your self-esteem."""
emotional,"""I’m sorry for not being more loving during your self-worth."""
emotional,"""I’m sorry for not being more caring during your self-respect."""
emotional,"""I’m sorry for not being more understanding during your self-love."""
emotional,"""I’m sorry for not being more supportive during your self-acceptance."""
emotional,"""I’m sorry for not being more encouraging during your self-growth."""
emotional,"""I’m sorry for not being more positive during your self-improvement."""
emotional,"""I’m sorry for not being more optimistic during your self-development."""
emotional,"""I’m sorry for not being more hopeful during your self-actualization."""
emotional,"""I’m sorry for not being more grateful during your self-discovery."""
emotional,"""I’m sorry for not being more appreciative during your self-reflection."""
emotional,"""I’m sorry for not being more thankful during your self-awareness."""
emotional,"""I’m sorry for not being more loving during your self-exploration."""
emotional,"""I’m sorry for not being more caring during your self-realization."""
emotional,"""I’m sorry for not being more understanding during your self-fulfillment."""
emotional,"""I’m sorry for not being more supportive during your self-satisfaction."""
emotional,"""I’m sorry for not being more encouraging during your self-contentment."""
emotional,"""I’m sorry for not being more positive during your self-confidence."""
emotional,"""I’m sorry for not being more optimistic during your self-assurance."""
emotional,"""I’m sorry for not being more hopeful during your self-esteem."""
emotional,"""I’m sorry for not being more grateful during your self-worth."""
emotional,"""I’m sorry for not being more appreciative during your self-respect."""
emotional,"""I’m sorry for not being more thankful during your self-love."""
emotional,"""I’m sorry for not being more loving during your self-acceptance."""
emotional,"""I’m sorry for not being more caring during your self-growth."""
emotional,"""I’m sorry for not being more understanding during your self-improvement."""
emotional,"""I’m sorry for not being more supportive during your self-development."""
emotional,"""I’m sorry for not being more encouraging during your self-actualization."""
emotional,"""I’m sorry for not being more positive during your self-discovery."""
emotional,"""I’m sorry for not being more optimistic during your self-reflection."""
emotional,"""I’m sorry for not being more hopeful during your self-awareness."""
emotional,"""I’m sorry for not being more grateful during your self-exploration."""
emotional,"""I’m sorry for not being more appreciative during your self-realization."""
emotional,"""I’m sorry for not being more thankful during your self-fulfillment."""
professional,"""I sincerely apologize for the oversight and assure you it will not happen again."""
professional,"""I regret the inconvenience my mistake has caused and am committed to resolving it promptly."""
professional,"""I apologize for not meeting your expectations and will strive to improve my performance."""
professional,"""It was not my intention to cause any delays. I am sorry for any negative impact this had on your work."""
professional,"""Thank you for bringing this issue to my attention. I apologize for any frustration it may have caused."""
professional,"""I regret any confusion resulting from my actions and am taking measures to clarify the situation."""
professional,"""I understand the importance of this matter and am sorry for any shortcomings in my response."""
professional,"""I apologize for any inconvenience caused by my late reply."""
professional,"""I regret not addressing your concerns sooner and appreciate your patience."""
professional,"""I am sorry for not being available when you needed my input."""
professional,"""I apologize for any disruption my absence may have caused."""
professional,"""I am sorry for any inconvenience caused by my delayed response."""
professional,"""I regret any oversight in the documentation and will update it accordingly."""
professional,"""I apologize for not meeting the expected standards in my recent work."""
professional,"""Thank you for your feedback"", and I apologize for any shortcomings."
professional,"""I am sorry for any delays in delivering the requested materials."""
professional,"""I regret any inconvenience caused by my unavailability."""
professional,"""I apologize for any disruption caused by my absence from the team."""
professional,"""I am sorry for any errors in my recent submission."""
professional,"""I apologize for not providing the required information on time."""
professional,"""I regret any inconvenience caused by my oversight in scheduling."""
professional,"""I am sorry for not following up as promised."""
professional,"""I apologize for the delay in processing your request."""
professional,"""I regret any inconvenience caused by my mistake."""
professional,"""I apologize for any confusion regarding the project deliverables."""
professional,"""I am sorry for any inconvenience caused by my error in calculations."""
professional,"""I apologize for not being able to provide a timely update."""
professional,"""I am sorry for any inconvenience caused by my absence from the office."""
professional,"""I apologize for any confusion regarding the meeting agenda."""
professional,"""I regret any inconvenience caused by my oversight in the process."""
professional,"""I am sorry for any disruption caused by my technical difficulties."""
professional,"""I apologize for any delays in responding to your email."""
professional,"""I am sorry for any inconvenience caused by my oversight in the report."""
professional,"""I apologize for any confusion regarding the project scope."""
professional,"""I regret any inconvenience caused by my late submission."""
professional,"""I am sorry for any disruption caused by my absence from the discussion."""
professional,"""I apologize for any errors in my recent calculations."""
professional,"""I am sorry for any inconvenience caused by my mistake in the documentation."""
professional,"""I apologize for not being able to attend the scheduled call."""
professional,"""I regret any inconvenience caused by my oversight in the planning."""
professional,"""I am sorry for any disruption caused by my absence from the review."""
professional,"""I apologize for any errors in my recent analysis."""
professional,"""I am sorry for any inconvenience caused by my mistake in the schedule."""
professional,"""I apologize for not being able to provide the requested information on time."""
professional,"""I regret any inconvenience caused by my oversight in the assignment."""
professional,"""I am sorry for any disruption caused by my absence from the briefing."""
professional,"""I apologize for any errors in my recent report."""
professional,"""I am sorry for any inconvenience caused by my mistake in the process."""
professional,"""I apologize for not being able to provide a prompt response."""
professional,"""I regret any inconvenience caused by my oversight in the project."""
professional,"""I am sorry for any disruption caused by my absence from the meeting."""
professional,"""I apologize for any errors in my recent submission."""
professional,"""I am sorry for any inconvenience caused by my mistake in the workflow."""
professional,"""I apologize for not being able to attend the scheduled session."""
professional,"""I regret any inconvenience caused by my oversight in the planning stage."""
professional,"""I am sorry for any disruption caused by my absence from the update."""
professional,"""I apologize for any errors in my recent calculations."""
professional,"""I am sorry for any inconvenience caused by my mistake in the documentation process."""
professional,"""I apologize for not being able to provide the necessary support."""
professional,"""I regret any inconvenience caused by my oversight in the assignment process."""
professional,"""I am sorry for any disruption caused by my absence from the planning session."""
professional,"""I apologize for any errors in my recent analysis."""
professional,"""I am sorry for any inconvenience caused by my mistake in the workflow process."""
professional,"""I apologize for not being able to attend the scheduled review."""
professional,"""I regret any inconvenience caused by my oversight in the review process."""
professional,"""I am sorry for any disruption caused by my absence from the feedback session."""
professional,"""I apologize for any errors in my recent calculations."""
professional,"""I am sorry for any inconvenience caused by my mistake in the process flow."""
professional,"""I apologize for not being able to provide the requested details."""
professional,"""I regret any inconvenience caused by my oversight in the documentation process."""
professional,"""I am sorry for any disruption caused by my absence from the update session."""
professional,"""I apologize for any errors in my recent report."""
professional,"""I am sorry for any inconvenience caused by my mistake in the assignment."""
professional,"""I apologize for not being able to attend the scheduled briefing."""
professional,"""I regret any inconvenience caused by my oversight in the planning process."""
professional,"""I am sorry for any disruption caused by my absence from the review session."""
professional,"""I apologize for any errors in my recent submission."""
professional,"""I am sorry for any inconvenience caused by my mistake in the process planning."""
professional,"""I apologize for not being able to provide the required information promptly."""
professional,"""I regret any inconvenience caused by my oversight in the documentation stage."""
professional,"""I am sorry for any disruption caused by my absence from the planning meeting."""
professional,"""I apologize for any errors in my recent calculations."""
professional,"""I am sorry for any inconvenience caused by my mistake in the workflow planning."""
professional,"""I apologize for not being able to provide the necessary documentation."""
professional,"""I regret any inconvenience caused by my oversight in the assignment stage."""
professional,"""I am sorry for any disruption caused by my absence from the review meeting."""
professional,"""I apologize for any errors in my recent analysis."""
professional,"""I am sorry for any inconvenience caused by my mistake in the documentation planning."""
professional,"""I apologize for not being able to attend the scheduled update."""
professional,"""I regret any inconvenience caused by my oversight in the planning session."""
professional,"""I am sorry for any disruption caused by my absence from the feedback meeting."""
professional,"""I apologize for any errors in my recent calculations."""
professional,"""I am sorry for any inconvenience caused by my mistake in the process documentation."""
professional,"""I apologize for not being able to provide the requested feedback."""
professional,"""I regret any inconvenience caused by my oversight in the assignment meeting."""
professional,"""I am sorry for any disruption caused by my absence from the review planning."""
professional,"""I apologize for any errors in my recent analysis."""
professional,"""I am sorry for any inconvenience caused by my mistake in the workflow assignment."""
professional,"""I apologize for not being able to attend the scheduled planning session."""
professional,"""I regret any inconvenience caused by my oversight in the planning meeting."""
professional,"""I am sorry for any disruption caused by my absence from the review documentation."""
professional,"""I apologize for any errors in my recent calculations."""
professional,"""I am sorry for any inconvenience caused by my mistake in the process review."""
professional,"""I apologize for not being able to provide the necessary support in time."""
professional,"""I regret any inconvenience caused by my oversight in the assignment documentation."""
professional,"""I am sorry for any disruption caused by my absence from the review assignment."""
professional,"""I apologize for any errors in my recent calculations."""
professional,"""I am sorry for any inconvenience caused by my mistake in the process assignment."""
professional,"""I apologize for not being able to provide the requested documentation in time."""
professional,"""I regret any inconvenience caused by my oversight in the documentation meeting."""
professional,"""I am sorry for any disruption caused by my absence from the review process."""
professional,"""I apologize for any errors in my recent analysis."""
professional,"""Please accept my apology for any confusion caused by my previous correspondence."""
professional,"""I regret any inconvenience my decision may have caused your team."""
professional,"""It was never my intention to disrupt the workflow"", and I apologize for any trouble."
professional,"""I sincerely apologize for not adhering to the established protocol."""
professional,"""I am sorry for the oversight and will ensure better attention to detail."""
professional,"""I regret missing the opportunity to contribute to the discussion."""
professional,"""I apologize for not being available during the critical phase of the project."""
professional,"""I am sorry for any miscommunication that may have led to confusion."""
professional,"""I regret any disruption caused by my scheduling conflict."""
professional,"""I apologize for the inconvenience caused by my absence from the event."""
professional,"""I am sorry for not following up on the action items as promised."""
professional,"""I regret any negative impact my actions may have had on the team."""
professional,"""I apologize for not meeting the expected standards in my recent deliverable."""
professional,"""I am sorry for not being able to provide the requested analysis on time."""
professional,"""I regret any inconvenience caused by my lack of preparation."""
professional,"""I apologize for any oversight in the project planning."""
professional,"""I am sorry for not being more proactive in addressing the issue."""
professional,"""I regret any disruption caused by my late arrival to the meeting."""
professional,"""I apologize for not communicating the changes effectively."""
professional,"""I am sorry for not submitting the required forms by the deadline."""
professional,"""I regret any inconvenience caused by my misunderstanding of the instructions."""
professional,"""I apologize for not being able to attend the training session."""
professional,"""I am sorry for the delay in completing the assigned tasks."""
professional,"""I regret not informing you sooner about the issue."""
professional,"""I apologize for the lack of clarity in my previous message."""
professional,"""I am sorry for not providing the necessary resources for the project."""
professional,"""I regret any confusion caused by my oversight in the schedule."""
professional,"""I apologize for not being able to participate in the review process."""
professional,"""I am sorry for not delivering the expected outcome."""
professional,"""I regret any inconvenience caused by my delay in approval."""
professional,"""I apologize for not being able to provide a solution immediately."""
professional,"""I am sorry for the miscommunication regarding the project objectives."""
professional,"""I regret not being able to resolve the issue sooner."""
professional,"""I apologize for any inconvenience caused by my absence from the conference."""
professional,"""I am sorry for not meeting the quality standards expected of me."""
professional,"""I regret any disruption caused by my late submission."""
professional,"""I apologize for not being able to attend the follow-up meeting."""
professional,"""I am sorry for any inconvenience my actions may have caused to your schedule."""
professional,"""I regret any confusion caused by my lack of communication."""
professional,"""I apologize for not updating the team on the project’s progress."""
professional,"""I am sorry for not being able to provide the requested feedback in time."""
professional,"""I regret not being able to meet the project milestones."""
professional,"""I apologize for any disruption caused by my absence from the planning session."""
professional,"""I am sorry for not providing the necessary clarification."""
professional,"""I regret any inconvenience caused by my oversight in the approval process."""
professional,"""I apologize for not being able to attend the scheduled interview."""
professional,"""I am sorry for not being able to meet the expectations set for me."""
professional,"""I regret any disruption caused by my late response."""
professional,"""I apologize for not being able to provide the requested update."""
professional,"""I am sorry for any inconvenience caused by my error in the timeline."""
professional,"""I regret any confusion caused by my lack of follow-up."""
professional,"""I apologize for not being able to attend the strategy meeting."""
professional,"""I am sorry for not being able to provide the necessary documentation on time."""
professional,"""I regret not being able to address your concerns earlier."""
professional,"""I apologize for any disruption caused by my late submission of the report."""
professional,"""I am sorry for not being able to meet the expected standards in the analysis."""
professional,"""I regret any inconvenience caused by my oversight in the planning phase."""
professional,"""I apologize for not being able to attend the scheduled workshop."""
professional,"""I am sorry for not providing the required support during the project."""
professional,"""I regret any confusion caused by my lack of communication regarding the updates."""
professional,"""I apologize for not being able to deliver the expected results."""
professional,"""I am sorry for any inconvenience caused by my mistake in the assignment."""
professional,"""I regret not being able to participate in the feedback process."""
professional,"""I apologize for any errors in the project documentation."""
professional,"""I am sorry for not being able to provide the requested analysis on schedule."""
professional,"""I regret any inconvenience caused by my oversight in the submission process."""
professional,"""I apologize for not being able to attend the scheduled discussion."""
professional,"""I am sorry for not meeting the expected standards in the deliverables."""
professional,"""I regret any confusion caused by my lack of updates."""
professional,"""I apologize for not being able to provide the necessary information."""
professional,"""I am sorry for not being able to attend the scheduled review session."""
professional,"""I regret not being able to address the issue sooner."""
professional,"""I apologize for any disruption caused by my late response to your email."""
professional,"""I am sorry for not being able to provide the required feedback on time."""
professional,"""I regret any confusion caused by my lack of communication regarding the project."""
professional,"""I apologize for not being able to attend the scheduled call."""
professional,"""I am sorry for any inconvenience caused by my mistake in the process."""
professional,"""I regret not being able to provide the necessary support during the project."""
professional,"""I apologize for any errors in the data analysis."""
professional,"""I am sorry for not being able to deliver the expected results on time."""
professional,"""I regret any confusion caused by my lack of updates regarding the project."""
professional,"""I apologize for not being able to attend the scheduled team meeting."""
professional,"""I am sorry for any inconvenience caused by my absence from the briefing."""
professional,"""I regret any disruption caused by my late submission of the assignment."""
professional,"""I apologize for not being able to provide the requested analysis in time."""
professional,"""I am sorry for not meeting the expected standards in the report."""
professional,"""I regret any confusion caused by my lack of follow-up on the task."""
professional,"""I apologize for not being able to attend the scheduled training session."""
professional,"""I am sorry for not being able to provide the necessary documentation for the project."""
professional,"""I regret not being able to address your concerns in a timely manner."""
professional,"""I apologize for any disruption caused by my late submission of the documentation."""
professional,"""I am sorry for not being able to meet the expected standards in the analysis report."""
professional,"""I regret any inconvenience caused by my oversight in the feedback process."""
professional,"""I apologize for not being able to attend the scheduled feedback meeting."""
professional,"""I am sorry for not being able to provide the required information for the project."""
professional,"""I regret any confusion caused by my lack of communication regarding the updates."""
professional,"""I apologize for not being able to deliver the expected results within the deadline."""
professional,"""I am sorry for any inconvenience caused by my mistake in the documentation."""
professional,"""I regret not being able to provide the necessary support during the review."""
professional,"""I apologize for any errors in the project calculations."""
professional,"""I am sorry for not being able to deliver the expected results as scheduled."""
professional,"""I regret any confusion caused by my lack of updates on the project."""
professional,"""I apologize for not being able to attend the scheduled project meeting."""
professional,"""I am sorry for any inconvenience caused by my absence from the feedback session."""
professional,"""I regret any disruption caused by my late submission of the deliverables."""
professional,"""I apologize for not being able to provide the requested analysis for the project."""
professional,"""I am sorry for not meeting the expected standards in the documentation."""
professional,"""I regret any confusion caused by my lack of communication regarding the feedback."""
professional,"""I apologize for not being able to attend the scheduled review meeting."""
professional,"""I am sorry for not being able to provide the necessary documentation on schedule."""
professional,"""I regret not being able to address your concerns as quickly as expected."""
professional,"""I apologize for any disruption caused by my late submission of the report."""
professional,"""I am sorry for not being able to meet the expected standards in the project."""
professional,"""I regret any inconvenience caused by my oversight in the feedback process."""
professional,"""I apologize for not being able to attend the scheduled feedback session."""
professional,"""I am sorry for not being able to provide the required information for the review."""
professional,"""I regret any confusion caused by my lack of communication regarding the review."""
professional,"""I apologize for not being able to deliver the expected results within the timeline."""
professional,"""I am sorry for any inconvenience caused by my mistake in the documentation process."""
professional,"""I regret not being able to provide the necessary support during the documentation."""
professional,"""I apologize for any errors in the project calculations."""
professional,"""I am sorry for not being able to deliver the expected results as planned."""
professional,"""I regret any confusion caused by my lack of updates on the review."""
professional,"""I apologize for not being able to attend the scheduled documentation meeting."""
professional,"""I am sorry for any inconvenience caused by my absence from the feedback process."""
professional,"""I regret any disruption caused by my late submission of the feedback."""
professional,"""I apologize for not being able to provide the requested analysis for the review."""
professional,"""I am sorry for not meeting the expected standards in the feedback."""
professional,"""I regret any confusion caused by my lack of communication regarding the documentation."""
professional,"""I apologize for not being able to attend the scheduled review session."""
professional,"""I am sorry for not being able to provide the necessary documentation for the review."""
professional,"""I regret not being able to address your concerns as soon as possible."""
professional,"""I apologize for any disruption caused by my late submission of the analysis."""
professional,"""I am sorry for not being able to meet the expected standards in the review."""
professional,"""I regret any inconvenience caused by my oversight in the documentation process."""
professional,"""I apologize for not being able to attend the scheduled feedback meeting."""
professional,"""I am sorry for not being able to provide the required information for the documentation."""
professional,"""I regret any confusion caused by my lack of communication regarding the analysis."""
professional,"""I apologize for not being able to deliver the expected results within the expected timeframe."""
professional,"""I am sorry for any inconvenience caused by my mistake in the feedback process."""
professional,"""I regret not being able to provide the necessary support during the analysis."""
professional,"""I apologize for any errors in the project feedback."""
professional,"""I am sorry for not being able to deliver the expected results as outlined."""
professional,"""I regret any confusion caused by my lack of updates on the documentation."""
professional,"""I apologize for not being able to attend the scheduled analysis meeting."""
professional,"""I am sorry for any inconvenience caused by my absence from the documentation process."""
professional,"""I regret any disruption caused by my late submission of the documentation."""
professional,"""I apologize for not being able to provide the requested analysis for the documentation."""
professional,"""I am sorry for not meeting the expected standards in the analysis report."""
professional,"""I regret any confusion caused by my lack of communication regarding the feedback."""
professional,"""I apologize for not being able to attend the scheduled documentation review."""
professional,"""I am sorry for not being able to provide the necessary documentation for the analysis."""
professional,"""I regret not being able to address your concerns as quickly as possible."""
professional,"""I apologize for any inconvenience my delayed response may have caused your team."""
professional,"""It was not my intention to hinder progress"", and I regret any disruption."
professional,"""I regret any confusion caused by my lack of clarity in the last report."""
professional,"""I am sorry for not communicating the changes in a timely manner."""
professional,"""I regret any inconvenience caused by my absence during the review session."""
professional,"""I apologize for not being able to provide the necessary resources for the assignment."""
professional,"""I am sorry for any disruption caused by my last-minute schedule change."""
professional,"""I regret not following up sooner on your request."""
professional,"""I apologize for any delays in the approval of your proposal."""
professional,"""I am sorry for any inconvenience caused by my mistake in the project timeline."""
professional,"""I regret any confusion caused by my lack of updates on the deliverables."""
professional,"""I apologize for not providing the required information for the audit."""
professional,"""I am sorry for any disruption caused by my absence from the planning committee."""
professional,"""I regret any inconvenience caused by my oversight in the resource allocation."""
professional,"""I apologize for not being able to provide the requested analysis by the deadline."""
professional,"""I am sorry for not being able to attend the scheduled client call."""
professional,"""I regret not being able to address your concerns about the project scope."""
professional,"""I apologize for any errors in the project timeline."""
professional,"""I am sorry for any inconvenience caused by my absence from the kickoff meeting."""
professional,"""I regret any confusion caused by my lack of communication regarding the project status."""
professional,"""I apologize for not being able to deliver the expected results for the client."""
professional,"""I am sorry for any disruption caused by my late submission of the budget proposal."""
professional,"""I regret not being able to provide the requested feedback on the draft."""
professional,"""I apologize for any delays in the approval of the contract."""
professional,"""I am sorry for any inconvenience caused by my mistake in the resource plan."""
professional,"""I regret any confusion caused by my lack of updates on the procurement process."""
professional,"""I apologize for not providing the required analysis for the review."""
professional,"""I am sorry for any disruption caused by my absence from the project launch."""
professional,"""I regret any inconvenience caused by my oversight in the risk assessment."""
professional,"""I apologize for not being able to provide the requested documentation for the audit."""
professional,"""I am sorry for any inconvenience caused by my absence from the compliance meeting."""
professional,"""I regret not being able to address your concerns about the deliverables."""
professional,"""I apologize for any errors in the project budget."""
professional,"""I am sorry for any disruption caused by my late submission of the compliance report."""
professional,"""I regret any inconvenience caused by my oversight in the project handover."""
professional,"""I apologize for not being able to provide the necessary support for the transition."""
professional,"""I am sorry for any inconvenience caused by my absence from the stakeholder meeting."""
professional,"""I regret not being able to provide the requested analysis for the proposal."""
professional,"""I apologize for any delays in the approval of the project charter."""
professional,"""I am sorry for not being able to attend the scheduled project review."""
professional,"""I regret any confusion caused by my lack of communication regarding the deliverables."""
professional,"""I apologize for not providing the required documentation for the review."""
professional,"""I am sorry for any disruption caused by my absence from the project closure meeting."""
professional,"""I regret not being able to address your concerns about the project risks."""
professional,"""I apologize for any errors in the project closure documentation."""
professional,"""I am sorry for any inconvenience caused by my absence from the final review."""
professional,"""I regret any inconvenience caused by my oversight in the project wrap-up."""
professional,"""I apologize for not being able to provide the necessary support for the project closeout."""
professional,"""I am sorry for any disruption caused by my absence from the project debrief."""
professional,"""I regret not being able to provide the requested analysis for the project evaluation."""
professional,"""I apologize for any delays in the approval of the project closeout."""
professional,"""I am sorry for not being able to attend the scheduled project debrief."""
professional,"""I regret any confusion caused by my lack of updates on the project closeout."""
professional,"""I apologize for not providing the required documentation for the project evaluation."""
professional,"""I am sorry for any inconvenience caused by my absence from the project wrap-up meeting."""
professional,"""I regret not being able to address your concerns about the project completion."""
professional,"""I apologize for any errors in the project final report."""
professional,"""I am sorry for any disruption caused by my late submission of the project completion report."""
professional,"""I regret any inconvenience caused by my oversight in the project finalization."""
professional,"""I apologize for not being able to provide the necessary support for the project summary."""
professional,"""I am sorry for any inconvenience caused by my absence from the project summary meeting."""
professional,"""I regret not being able to provide the requested analysis for the project summary."""
professional,"""I apologize for any delays in the approval of the project completion."""
professional,"""I am sorry for not being able to attend the scheduled project summary meeting."""
professional,"""I regret any confusion caused by my lack of communication regarding the project finalization."""
professional,"""I apologize for not providing the required documentation for the project summary."""
professional,"""I am sorry for any disruption caused by my absence from the project completion meeting."""
professional,"""I regret not being able to address your concerns about the project wrap-up."""
professional,"""I apologize for any errors in the project completion documentation."""
professional,"""I am sorry for any inconvenience caused by my absence from the project final meeting."""
professional,"""I regret any inconvenience caused by my oversight in the project completion."""
professional,"""I apologize for not being able to provide the necessary support for the project finalization."""
professional,"""I am sorry for any disruption caused by my absence from the project closure session."""
professional,"""I regret not being able to provide the requested analysis for the project closure."""
professional,"""I apologize for any delays in the approval of the project wrap-up."""
professional,"""I am sorry for not being able to attend the scheduled project closure meeting."""
professional,"""I regret any confusion caused by my lack of updates on the project wrap-up."""
professional,"""I apologize for not providing the required documentation for the project closure."""
professional,"""I am sorry for any inconvenience caused by my absence from the project wrap-up process."""
professional,"""I regret not being able to address your concerns about the project closeout."""
professional,"""I apologize for any errors in the project wrap-up report."""
professional,"""I am sorry for any disruption caused by my late submission of the project closure documentation."""
professional,"""I regret any inconvenience caused by my oversight in the project wrap-up process."""
professional,"""I apologize for not being able to provide the necessary support for the project closure."""
professional,"""I am sorry for any inconvenience caused by my absence from the project closure review."""
professional,"""I regret not being able to provide the requested analysis for the project wrap-up."""
professional,"""I apologize for any delays in the approval of the project closure documentation."""
professional,"""I am sorry for not being able to attend the scheduled project wrap-up meeting."""
professional,"""I regret any confusion caused by my lack of communication regarding the project wrap-up."""
professional,"""I apologize for not providing the required documentation for the project wrap-up."""
professional,"""I am sorry for any disruption caused by my absence from the project closure process."""
professional,"""I regret not being able to address your concerns about the project closure."""
professional,"""I apologize for any errors in the project wrap-up documentation."""
professional,"""I am sorry for any inconvenience caused by my absence from the project closure session."""
professional,"""I regret any inconvenience caused by my oversight in the project closure process."""
professional,"""I apologize for not being able to provide the necessary support for the project wrap-up."""
professional,"""I am sorry for any disruption caused by my absence from the project closure review."""
professional,"""I regret not being able to provide the requested analysis for the project closure review."""
professional,"""I apologize for any delays in the approval of the project wrap-up documentation."""
professional,"""I am sorry for not being able to attend the scheduled project closure meeting."""
professional,"""I regret any confusion caused by my lack of updates on the project wrap-up documentation."""
professional,"""I apologize for not providing the required documentation for the project closure review."""
professional,"""I am sorry for any inconvenience caused by my absence from the project wrap-up process."""
professional,"""I regret not being able to address your concerns about the project wrap-up review."""
professional,"""I apologize for any errors in the project closure review documentation."""
professional,"""I am sorry for any disruption caused by my late submission of the project wrap-up documentation."""
professional,"""I regret any inconvenience caused by my oversight in the project wrap-up review."""
professional,"""I apologize for not being able to provide the necessary support for the project closure review."""
professional,"""I am sorry for any inconvenience caused by my absence from the project wrap-up review."""
professional,"""I regret not being able to provide the requested analysis for the project wrap-up documentation."""
professional,"""I apologize for any delays in the approval of the project closure review documentation."""
professional,"""I am sorry for not being able to attend the scheduled project wrap-up review meeting."""
professional,"""I regret any confusion caused by my lack of communication regarding the project wrap-up review."""
professional,"""I apologize for not providing the required documentation for the project wrap-up review."""
professional,"""I am sorry for any disruption caused by my absence from the project closure review process."""
professional,"""I regret not being able to address your concerns about the project closure review."""
professional,"""I apologize for any errors in the project wrap-up review documentation."""
professional,"""I am sorry for any inconvenience caused by my absence from the project closure review session."""
professional,"""I regret any inconvenience caused by my oversight in the project closure review process."""
professional,"""I apologize for not being able to provide the necessary support for the project wrap-up review."""
professional,"""I am sorry for any disruption caused by my absence from the project closure review meeting."""
professional,"""I regret not being able to provide the requested analysis for the project closure review documentation."""
professional,"""I apologize for any delays in the approval of the project wrap-up review documentation."""
professional,"""I am sorry for not being able to attend the scheduled project closure review meeting."""
professional,"""I regret any confusion caused by my lack of updates on the project closure review documentation."""
professional,"""I apologize for not providing the required documentation for the project closure review meeting."""
professional,"""I am sorry for any inconvenience caused by my absence from the project wrap-up review process."""
professional,"""I regret not being able to address your concerns about the project wrap-up review meeting."""
professional,"""I apologize for any errors in the project closure review meeting documentation."""
professional,"""I am sorry for any disruption caused by my late submission of the project wrap-up review meeting documentation."""
professional,"""I regret any inconvenience caused by my oversight in the project wrap-up review meeting."""
professional,"""I apologize for not being able to provide the necessary support for the project closure review meeting."""
professional,"""I am sorry for any inconvenience caused by my absence from the project wrap-up review meeting."""
professional,"""I regret not being able to provide the requested analysis for the project wrap-up review meeting documentation."""
professional,"""I apologize for any delays in the approval of the project closure review meeting documentation."""
professional,"""I am sorry for not being able to attend the scheduled project closure review meeting."""
professional,"""I regret any confusion caused by my lack of communication regarding the project closure review meeting."""
professional,"""I apologize for not providing the required documentation for the project wrap-up review meeting."""
professional,"""I am sorry for any disruption caused by my absence from the project closure review meeting process."""
professional,"""I regret not being able to address your concerns about the project closure review meeting."""
professional,"""I apologize for any errors in the project wrap-up review meeting documentation."""
professional,"""I am sorry for any inconvenience caused by my absence from the project closure review meeting session."""
professional,"""I apologize for not anticipating the resource needs for this project."""
professional,"""I regret not escalating the issue sooner to prevent further complications."""
professional,"""I am sorry for not providing the necessary clarification during our last discussion."""
professional,"""I apologize for any inconvenience caused by my failure to update the project tracker."""
professional,"""I regret any confusion that resulted from my incomplete instructions."""
professional,"""I am sorry for not ensuring all stakeholders were informed in a timely manner."""
professional,"""I apologize for not following up on the action items after our meeting."""
professional,"""I regret not submitting the required forms before the deadline."""
professional,"""I am sorry for any inconvenience caused by my late approval of the request."""
professional,"""I apologize for any errors in the project risk assessment."""
professional,"""I regret not being able to attend the compliance review."""
professional,"""I am sorry for not providing the necessary documentation for the audit."""
professional,"""I apologize for not being able to deliver the project summary on time."""
professional,"""I regret any inconvenience caused by my absence from the project kickoff."""
professional,"""I am sorry for not providing timely updates during the project execution."""
professional,"""I apologize for not being able to attend the scheduled client presentation."""
professional,"""I regret any confusion caused by my lack of follow-up on the deliverables."""
professional,"""I am sorry for not providing the requested metrics for the report."""
professional,"""I apologize for any errors in the project implementation plan."""
professional,"""I regret not being able to attend the stakeholder feedback session."""
professional,"""I am sorry for not providing the necessary support for the project launch."""
professional,"""I apologize for not being able to deliver the required deliverables as planned."""
professional,"""I regret any inconvenience caused by my absence from the project status update."""
professional,"""I am sorry for not providing the requested documentation for the compliance check."""
professional,"""I apologize for not being able to attend the scheduled vendor review."""
professional,"""I regret not being able to provide the requested analysis for the audit."""
professional,"""I am sorry for not providing the necessary support during the project evaluation."""
professional,"""I apologize for any errors in the project evaluation report."""
professional,"""I regret not being able to attend the project wrap-up meeting."""
professional,"""I am sorry for not providing the necessary information for the project handover."""
professional,"""I apologize for not being able to deliver the required materials for the review."""
professional,"""I regret any confusion caused by my lack of communication on the project risks."""
professional,"""I am sorry for not providing the requested documentation for the client audit."""
professional,"""I apologize for any errors in the project compliance documentation."""
professional,"""I regret not being able to attend the project evaluation session."""
professional,"""I am sorry for not providing the necessary support for the project review."""
professional,"""I apologize for not being able to deliver the required analysis for the project assessment."""
professional,"""I regret any inconvenience caused by my absence from the project review meeting."""
professional,"""I am sorry for not providing the requested documentation for the project assessment."""
professional,"""I apologize for any errors in the project assessment documentation."""
professional,"""I regret not being able to attend the project assessment session."""
professional,"""I am sorry for not providing the necessary support for the project assessment."""
professional,"""I apologize for not being able to deliver the required materials for the project assessment."""
professional,"""I regret any confusion caused by my lack of updates on the project assessment."""
professional,"""I am sorry for not providing the requested documentation for the project assessment review."""
professional,"""I apologize for any errors in the project assessment review documentation."""
professional,"""I regret not being able to attend the project assessment review meeting."""
professional,"""I am sorry for not providing the necessary support for the project assessment review."""
professional,"""I apologize for not being able to deliver the required analysis for the project assessment review."""
professional,"""I regret any inconvenience caused by my absence from the project assessment review session."""
professional,"""I am sorry for not providing the requested documentation for the project assessment review session."""
professional,"""I apologize for any errors in the project assessment review session documentation."""
professional,"""I regret not being able to attend the project assessment review session."""
professional,"""I am sorry for not providing the necessary support for the project assessment review session."""
professional,"""I apologize for not being able to deliver the required materials for the project assessment review session."""
professional,"""I regret any confusion caused by my lack of updates on the project assessment review session."""
professional,"""I am sorry for not providing the requested documentation for the project assessment review session."""
professional,"""I apologize for any errors in the project assessment review session documentation."""
professional,"""I regret not being able to attend the project assessment review session meeting."""
professional,"""I am sorry for not providing the necessary support for the project assessment review session meeting."""
professional,"""I apologize for not being able to deliver the required analysis for the project assessment review session meeting."""
professional,"""I regret any inconvenience caused by my absence from the project assessment review session meeting."""
professional,"""I am sorry for not providing the requested documentation for the project assessment review session meeting."""
professional,"""I apologize for any errors in the project assessment review session meeting documentation."""
professional,"""I regret not being able to attend the project assessment review session meeting."""
professional,"""I am sorry for not providing the necessary support for the project assessment review session meeting."""
professional,"""I apologize for not being able to deliver the required materials for the project assessment review session meeting."""
professional,"""I regret any confusion caused by my lack of updates on the project assessment review session meeting."""
professional,"""I am sorry for not providing the requested documentation for the project assessment review session meeting."""
professional,"""I apologize for any errors in the project assessment review session meeting documentation."""
professional,"""I regret not being able to attend the project assessment review session meeting."""
professional,"""I am sorry for not providing the necessary support for the project assessment review session meeting."""
professional,"""I apologize for not being able to deliver the required analysis for the project assessment review session meeting."""
professional,"""I regret any inconvenience caused by my absence from the project assessment review session meeting."""
professional,"""I am sorry for not providing the requested documentation for the project assessment review session meeting."""
professional,"""I apologize for any errors in the project assessment review session meeting documentation."""
professional,"""I regret not being able to attend the project assessment review session meeting."""
professional,"""I am sorry for not providing the necessary support for the project assessment review session meeting."""
professional,"""I apologize for not being able to deliver the required materials for the project assessment review session meeting."""
professional,"""I regret any confusion caused by my lack of updates on the project assessment review session meeting."""
professional,"""I am sorry for not providing the requested documentation for the project assessment review session meeting."""
professional,"""I apologize for any errors in the project assessment review session meeting documentation."""
professional,"""I regret not being able to attend the project assessment review session meeting."""
professional,"""I am sorry for not providing the necessary support for the project assessment review session meeting."""
professional,"""I apologize for not being able to deliver the required analysis for the project assessment review session meeting."""
professional,"""I regret any inconvenience caused by my absence from the project assessment review session meeting."""
professional,"""I am sorry for not providing the requested documentation for the project assessment review session meeting."""
professional,"""I apologize for any errors in the project assessment review session meeting documentation."""
professional,"""I regret not being able to attend the project assessment review session meeting."""
professional,"""I am sorry for not providing the necessary support for the project assessment review session meeting."""
professional,"""I apologize for not being able to deliver the required materials for the project assessment review session meeting."""
professional,"""I regret any confusion caused by my lack of updates on the project assessment review session meeting."""
professional,"""I am sorry for not providing the requested documentation for the project assessment review session meeting."""
professional,"""I apologize for any errors in the project assessment review session meeting documentation."""
professional,"""I regret not being able to attend the project assessment review session meeting."""
professional,"""I am sorry for not providing the necessary support for the project assessment review session meeting."""
professional,"""I apologize for not being able to deliver the required analysis for the project assessment review session meeting."""
professional,"""I regret any inconvenience caused by my absence from the project assessment review session meeting."""
professional,"""I am sorry for not providing the requested documentation for the project assessment review session meeting."""
professional,"""I apologize for any errors in the project assessment review session meeting documentation."""
professional,"""I regret not being able to attend the project assessment review session meeting."""
professional,"""I am sorry for not providing the necessary support for the project assessment review session meeting."""
professional,"""I apologize for not being able to deliver the required materials for the project assessment review session meeting."""
professional,"""I regret any confusion caused by my lack of updates on the project assessment review session meeting."""
professional,"""I am sorry for not providing the requested documentation for the project assessment review session meeting."""
professional,"""I apologize for any errors in the project assessment review session meeting documentation."""
professional,"""I regret not being able to attend the project assessment review session meeting."""
professional,"""I am sorry for not providing the necessary support for the project assessment review session meeting."""
professional,"""I apologize for not being able to deliver the required analysis for the project assessment review session meeting."""
professional,"""I regret any inconvenience caused by my absence from the project assessment review session meeting."""
professional,"""I am sorry for not providing the requested documentation for the project assessment review session meeting."""
professional,"""I apologize for any errors in the project assessment review session meeting documentation."""
professional,"""I regret not being able to attend the project assessment review session meeting."""
professional,"""I am sorry for not providing the necessary support for the project assessment review session meeting."""
professional,"""I apologize for not being able to deliver the required materials for the project assessment review session meeting."""
professional,"""I regret any confusion caused by my lack of updates on the project assessment review session meeting."""
professional,"""I am sorry for not providing the requested documentation for the project assessment review session meeting."""
professional,"""I apologize for any errors in the project assessment review session meeting documentation."""
professional,"""I regret not being able to attend the project assessment review session meeting."""
professional,"""I am sorry for not providing the necessary support for the project assessment review session meeting."""
professional,"""I apologize for not being able to deliver the required analysis for the project assessment review session meeting."""
professional,"""I regret any inconvenience caused by my absence from the project assessment review session meeting."""
professional,"""I am sorry for not providing the requested documentation for the project assessment review session meeting."""
professional,"""I apologize for any errors in the project assessment review session meeting documentation."""
professional,"""I regret not being able to attend the project assessment review session meeting."""
professional,"""I am sorry for not providing the necessary support for the project assessment review session meeting."""
professional,"""I apologize for not being able to deliver the required materials for the project assessment review session meeting."""
professional,"""I regret any confusion caused by my lack of updates on the project assessment review session meeting."""
professional,"""I am sorry for not providing the requested documentation for the project assessment review session meeting."""
professional,"""I apologize for any errors in the project assessment review session meeting documentation."""
professional,"""I regret not being able to attend the project assessment review session meeting."""
professional,"""I am sorry for not providing the necessary support for the project assessment review session meeting."""
professional,"""I apologize for not being proactive in identifying potential risks earlier in the project."""
professional,"""I regret any inconvenience my lack of follow-through may have caused."""
professional,"""I am sorry for not providing sufficient context in my last update."""
professional,"""I apologize for any miscommunication regarding the project requirements."""
professional,"""I'm sorry for not seeking clarification sooner on the project objectives."""
professional,"""I regret any confusion that resulted from my ambiguous instructions."""
professional,"""I am sorry for not being available for the urgent client call."""
professional,"""I apologize for not providing the requested feedback in a timely manner."""
professional,"""I am sorry for not ensuring all deliverables met the agreed-upon standards."""
professional,"""I regret not being able to attend the cross-functional meeting."""
professional,"""I am sorry for not keeping you informed about the project setbacks."""
professional,"""I apologize for any inconvenience caused by my late submission of the budget proposal."""
professional,"""I regret any disruption caused by my absence from the weekly check-in."""
professional,"""I am sorry for not providing the necessary support during the product launch."""
professional,"""I apologize for not being able to deliver the requested market analysis."""
professional,"""I regret not being able to provide the requested data for the audit."""
professional,"""I am sorry for not updating the team about the change in project direction."""
professional,"""I apologize for any inconvenience caused by my late approval of the expense report."""
professional,"""I regret any confusion caused by my lack of communication regarding the new process."""
professional,"""I am sorry for not providing the necessary documentation for the client meeting."""
professional,"""I apologize for not being able to deliver the required training materials."""
professional,"""I regret not being able to address your concerns during the review process."""
professional,"""I am sorry for not providing the requested information for the performance review."""
professional,"""I apologize for any errors in the project closure checklist."""
professional,"""I regret any inconvenience caused by my absence from the product review."""
professional,"""I am sorry for not providing the necessary support for the compliance review."""
professional,"""I apologize for not being able to deliver the requested documentation for the client audit."""
professional,"""I regret not being able to attend the compliance review session."""
professional,"""I am sorry for not providing the requested feedback for the client presentation."""
professional,"""I apologize for any errors in the compliance documentation."""
professional,"""I regret any inconvenience caused by my absence from the compliance meeting."""
professional,"""I am sorry for not providing the necessary support for the product launch."""
professional,"""I apologize for not being able to deliver the requested analysis for the compliance audit."""
professional,"""I regret not being able to attend the product review meeting."""
professional,"""I am sorry for not providing the requested documentation for the compliance review."""
professional,"""I apologize for any errors in the product review documentation."""
professional,"""I regret any inconvenience caused by my absence from the product review session."""
professional,"""I am sorry for not providing the necessary support for the compliance audit."""
professional,"""I apologize for not being able to deliver the requested analysis for the product review."""
professional,"""I regret not being able to attend the compliance audit meeting."""
professional,"""I am sorry for not providing the requested documentation for the product review."""
professional,"""I apologize for any errors in the compliance audit documentation."""
professional,"""I regret any inconvenience caused by my absence from the compliance audit session."""
professional,"""I am sorry for not providing the necessary support for the product review."""
professional,"""I apologize for not being able to deliver the requested analysis for the compliance review."""
professional,"""I regret not being able to attend the product review session."""
professional,"""I am sorry for not providing the requested documentation for the compliance review session."""
professional,"""I apologize for any errors in the product review session documentation."""
professional,"""I regret any inconvenience caused by my absence from the product review meeting."""
professional,"""I am sorry for not providing the necessary support for the compliance review session."""
professional,"""I apologize for not being able to deliver the requested analysis for the product review session."""
professional,"""I regret not being able to attend the compliance review session meeting."""
professional,"""I am sorry for not providing the requested documentation for the product review meeting."""
professional,"""I apologize for any errors in the compliance review session meeting documentation."""
professional,"""I regret any inconvenience caused by my absence from the compliance review session meeting."""
professional,"""I am sorry for not providing the necessary support for the product review meeting."""
professional,"""I apologize for not being able to deliver the requested analysis for the compliance review session meeting."""
professional,"""I regret not being able to attend the product review session meeting."""
professional,"""I am sorry for not providing the requested documentation for the compliance review session meeting."""
professional,"""I apologize for any errors in the product review meeting documentation."""
professional,"""I regret any inconvenience caused by my absence from the product review meeting."""
professional,"""I am sorry for not providing the necessary support for the compliance review meeting."""
professional,"""I apologize for not being able to deliver the requested analysis for the product review meeting."""
professional,"""I regret not being able to attend the compliance review meeting."""
professional,"""I am sorry for not providing the requested documentation for the product review session."""
professional,"""I apologize for any errors in the compliance review meeting documentation."""
professional,"""I regret any inconvenience caused by my absence from the compliance review meeting."""
professional,"""I am sorry for not providing the necessary support for the product review session."""
professional,"""I apologize for not being able to deliver the requested analysis for the compliance review meeting."""
professional,"""I regret not being able to attend the product review meeting."""
professional,"""I am sorry for not providing the requested documentation for the compliance review session."""
professional,"""I apologize for any errors in the product review session documentation."""
professional,"""I regret any inconvenience caused by my absence from the product review session."""
professional,"""I am sorry for not providing the necessary support for the compliance review session."""
professional,"""I apologize for not being able to deliver the requested analysis for the product review session."""
professional,"""I regret not being able to attend the compliance review session."""
professional,"""I am sorry for not providing the requested documentation for the product review session."""
professional,"""I apologize for any errors in the compliance review session documentation."""
professional,"""I regret any inconvenience caused by my absence from the compliance review session."""
professional,"""I am sorry for not providing the necessary support for the product review session."""
professional,"""I apologize for not being able to deliver the requested analysis for the compliance review session."""
professional,"""I regret not being able to attend the product review session."""
professional,"""I am sorry for not providing the requested documentation for the compliance review session."""
professional,"""I apologize for any errors in the product review session documentation."""
professional,"""I regret any inconvenience caused by my absence from the product review session."""
professional,"""I am sorry for not providing the necessary support for the compliance review session."""
professional,"""I apologize for not being able to deliver the requested analysis for the product review session."""
professional,"""I regret not being able to attend the compliance review session."""
professional,"""I am sorry for not providing the requested documentation for the product review session."""
professional,"""I apologize for any errors in the compliance review session documentation."""
professional,"""I regret any inconvenience caused by my absence from the compliance review session."""
professional,"""I am sorry for not providing the necessary support for the product review session."""
professional,"""I apologize for not being able to deliver the requested analysis for the compliance review session."""
professional,"""I regret not being able to attend the product review session."""
professional,"""I am sorry for not providing the requested documentation for the compliance review session."""
professional,"""I apologize for any errors in the product review session documentation."""
professional,"""I regret any inconvenience caused by my absence from the product review session."""
professional,"""I am sorry for not providing the necessary support for the compliance review session."""
professional,"""I apologize for not being able to deliver the requested analysis for the product review session."""
professional,"""I regret not being able to attend the compliance review session."""
professional,"""I am sorry for not providing the requested documentation for the product review session."""
professional,"""I apologize for any errors in the compliance review session documentation."""
professional,"""I regret any inconvenience caused by my absence from the compliance review session."""
professional,"""I am sorry for not providing the necessary support for the product review session."""
professional,"""I apologize for not being able to deliver the requested analysis for the compliance review session."""
professional,"""I regret not being able to attend the product review session."""
professional,"""I am sorry for not providing the requested documentation for the compliance review session."""
professional,"""I apologize for any errors in the compliance review session documentation."""
professional,"""I regret any inconvenience caused by my absence from the product review session."""
professional,"""I am sorry for not providing the necessary support for the compliance review session."""
professional,"""I apologize for not being able to deliver the requested analysis for the product review session."""
professional,"""I regret not being able to attend the compliance review session."""
professional,"""I am sorry for not providing the requested documentation for the product review session."""
professional,"""I apologize for any errors in the compliance review session documentation."""
professional,"""I regret any inconvenience caused by my absence from the compliance review session."""
professional,"""I am sorry for not providing the necessary support for the product review session."""
professional,"""I apologize for not being able to deliver the requested analysis for the compliance review session."""
professional,"""I regret not being able to attend the product review session."""
professional,"""I am sorry for not providing the requested documentation for the compliance review session."""
professional,"""I apologize for any errors in the compliance review session documentation."""
professional,"""I apologize for any inconvenience caused by my lack of foresight in this matter."""
professional,"""I regret not providing clearer instructions to ensure project success."""
professional,"""I am sorry for missing the opportunity to address your concerns proactively."""
professional,"""I apologize for not delivering the requested materials before the deadline."""
professional,"""I regret not communicating the project risks more transparently."""
professional,"""I am sorry for not being more diligent in my follow-up efforts."""
professional,"""I apologize for not facilitating a smoother handover process."""
professional,"""I regret not consulting with stakeholders before making key decisions."""
professional,"""I am sorry for not providing timely reminders about upcoming deadlines."""
professional,"""I apologize for not being more attentive during our recent meetings."""
professional,"""I regret not escalating the issue to management sooner."""
professional,"""I am sorry for not being more responsive to your requests."""
professional,"""I apologize for failing to provide a comprehensive project overview."""
professional,"""I regret not being more thorough in my documentation review."""
professional,"""I am sorry for not following up on unresolved action items."""
professional,"""I apologize for not clarifying my availability for the project."""
professional,"""I regret not being able to attend the client feedback session."""
professional,"""I am sorry for not updating the project dashboard as frequently as needed."""
professional,"""I apologize for not being more proactive in risk mitigation."""
professional,"""I regret not providing a detailed project timeline earlier."""
professional,"""I am sorry for not addressing your feedback in the last revision."""
professional,"""I apologize for not being able to deliver the requested case study on time."""
professional,"""I regret not being more supportive during the project’s critical phases."""
professional,"""I am sorry for not providing a backup plan in advance."""
professional,"""I apologize for any inconvenience caused by my delayed sign-off."""
professional,"""I regret not being more attentive to compliance requirements."""
professional,"""I am sorry for not providing a summary of key project milestones."""
professional,"""I apologize for not being able to attend the executive review."""
professional,"""I regret not being more meticulous in my quality assurance checks."""
professional,"""I am sorry for not providing immediate feedback on your submission."""
professional,"""I apologize for not being able to attend the partner alignment meeting."""
professional,"""I regret not being more assertive in addressing project blockers."""
professional,"""I am sorry for not submitting the project closure checklist on time."""
professional,"""I apologize for not being able to deliver the requested risk assessment."""
professional,"""I regret not being more communicative about project setbacks."""
professional,"""I am sorry for not providing a comprehensive lessons learned report."""
professional,"""I apologize for not being able to attend the stakeholder alignment session."""
